Date,USD
3/2/2021,1.2028
3/1/2021,1.2053
2/26/2021,1.2121
2/25/2021,1.2225
2/24/2021,1.2146
2/23/2021,1.2143
2/22/2021,1.2133
2/19/2021,1.2139
2/18/2021,1.2084
2/17/2021,1.206
2/16/2021,1.2143
2/15/2021,1.2129
2/12/2021,1.2108
2/11/2021,1.2147
2/10/2021,1.2127
2/9/2021,1.2104
2/8/2021,1.2025
2/5/2021,1.1983
2/4/2021,1.1996
2/3/2021,1.2017
2/2/2021,1.2044
2/1/2021,1.2084
1/29/2021,1.2136
1/28/2021,1.2091
1/27/2021,1.2114
1/26/2021,1.2143
1/25/2021,1.2152
1/22/2021,1.2158
1/21/2021,1.2158
1/20/2021,1.2101
1/19/2021,1.2132
1/18/2021,1.2064
1/15/2021,1.2123
1/14/2021,1.2124
1/13/2021,1.2166
1/12/2021,1.2161
1/11/2021,1.2163
1/8/2021,1.225
1/7/2021,1.2276
1/6/2021,1.2338
1/5/2021,1.2271
1/4/2021,1.2296
12/31/2020,1.2271
12/30/2020,1.2281
12/29/2020,1.2259
12/28/2020,1.2219
12/24/2020,1.2193
12/23/2020,1.2166
12/22/2020,1.2239
12/21/2020,1.2173
12/18/2020,1.2259
12/17/2020,1.2246
12/16/2020,1.2189
12/15/2020,1.214
12/14/2020,1.2162
12/11/2020,1.2127
12/10/2020,1.2115
12/9/2020,1.2109
12/8/2020,1.2114
12/7/2020,1.2128
12/4/2020,1.2159
12/3/2020,1.2151
12/2/2020,1.2066
12/1/2020,1.1968
11/30/2020,1.198
11/27/2020,1.1922
11/26/2020,1.19
11/25/2020,1.189
11/24/2020,1.1865
11/23/2020,1.1901
11/20/2020,1.1863
11/19/2020,1.1832
11/18/2020,1.1868
11/17/2020,1.1882
11/16/2020,1.183
11/13/2020,1.1815
11/12/2020,1.1791
11/11/2020,1.1766
11/10/2020,1.1808
11/9/2020,1.1883
11/6/2020,1.187
11/5/2020,1.1855
11/4/2020,1.1721
11/3/2020,1.1702
11/2/2020,1.1652
10/30/2020,1.1698
10/29/2020,1.1704
10/28/2020,1.1727
10/27/2020,1.1832
10/26/2020,1.1819
10/23/2020,1.1856
10/22/2020,1.1821
10/21/2020,1.1852
10/20/2020,1.181
10/19/2020,1.1785
10/16/2020,1.1741
10/15/2020,1.1698
10/14/2020,1.175
10/13/2020,1.1787
10/12/2020,1.1799
10/9/2020,1.1795
10/8/2020,1.1765
10/7/2020,1.177
10/6/2020,1.1795
10/5/2020,1.1768
10/2/2020,1.173
10/1/2020,1.1752
9/30/2020,1.1708
9/29/2020,1.1702
9/28/2020,1.167
9/25/2020,1.1634
9/24/2020,1.1645
9/23/2020,1.1692
9/22/2020,1.174
9/21/2020,1.1787
9/18/2020,1.1833
9/17/2020,1.1797
9/16/2020,1.1869
9/15/2020,1.1892
9/14/2020,1.1876
9/11/2020,1.1854
9/10/2020,1.1849
9/9/2020,1.1773
9/8/2020,1.1785
9/7/2020,1.1824
9/4/2020,1.1842
9/3/2020,1.1813
9/2/2020,1.1861
9/1/2020,1.1987
8/31/2020,1.194
8/28/2020,1.1915
8/27/2020,1.1806
8/26/2020,1.1789
8/25/2020,1.1814
8/24/2020,1.1847
8/21/2020,1.1769
8/20/2020,1.185
8/19/2020,1.1933
8/18/2020,1.1906
8/17/2020,1.1853
8/14/2020,1.1813
8/13/2020,1.1833
8/12/2020,1.1771
8/11/2020,1.1783
8/10/2020,1.1763
8/7/2020,1.1817
8/6/2020,1.1843
8/5/2020,1.1854
8/4/2020,1.1765
8/3/2020,1.1726
7/31/2020,1.1848
7/30/2020,1.1743
7/29/2020,1.1725
7/28/2020,1.1717
7/27/2020,1.176
7/24/2020,1.1608
7/23/2020,1.1569
7/22/2020,1.1578
7/21/2020,1.1443
7/20/2020,1.1448
7/17/2020,1.1428
7/16/2020,1.1414
7/15/2020,1.1444
7/14/2020,1.1375
7/13/2020,1.1329
7/10/2020,1.1276
7/9/2020,1.1342
7/8/2020,1.1286
7/7/2020,1.129
7/6/2020,1.1325
7/3/2020,1.1224
7/2/2020,1.1286
7/1/2020,1.12
6/30/2020,1.1198
6/29/2020,1.1284
6/26/2020,1.1213
6/25/2020,1.12
6/24/2020,1.128
6/23/2020,1.1318
6/22/2020,1.1213
6/19/2020,1.121
6/18/2020,1.1222
6/17/2020,1.1232
6/16/2020,1.1308
6/15/2020,1.1253
6/12/2020,1.1304
6/11/2020,1.1348
6/10/2020,1.1375
6/9/2020,1.1294
6/8/2020,1.1285
6/5/2020,1.133
6/4/2020,1.125
6/3/2020,1.1194
6/2/2020,1.1174
6/1/2020,1.1116
5/29/2020,1.1136
5/28/2020,1.1016
5/27/2020,1.0991
5/26/2020,1.0975
5/25/2020,1.091
5/22/2020,1.0904
5/21/2020,1.1
5/20/2020,1.0958
5/19/2020,1.095
5/18/2020,1.0832
5/15/2020,1.0798
5/14/2020,1.0792
5/13/2020,1.0875
5/12/2020,1.0858
5/11/2020,1.0824
5/8/2020,1.0843
5/7/2020,1.0783
5/6/2020,1.0807
5/5/2020,1.0843
5/4/2020,1.0942
4/30/2020,1.0876
4/29/2020,1.0842
4/28/2020,1.0877
4/27/2020,1.0852
4/24/2020,1.08
4/23/2020,1.0772
4/22/2020,1.0867
4/21/2020,1.0837
4/20/2020,1.086
4/17/2020,1.086
4/16/2020,1.0888
4/15/2020,1.0903
4/14/2020,1.0963
4/9/2020,1.0867
4/8/2020,1.0871
4/7/2020,1.0885
4/6/2020,1.0791
4/3/2020,1.0785
4/2/2020,1.0906
4/1/2020,1.0936
3/31/2020,1.0956
3/30/2020,1.1034
3/27/2020,1.0977
3/26/2020,1.0981
3/25/2020,1.0827
3/24/2020,1.0843
3/23/2020,1.0783
3/20/2020,1.0707
3/19/2020,1.0801
3/18/2020,1.0934
3/17/2020,1.0982
3/16/2020,1.1157
3/13/2020,1.1104
3/12/2020,1.124
3/11/2020,1.1336
3/10/2020,1.139
3/9/2020,1.1456
3/6/2020,1.1336
3/5/2020,1.1187
3/4/2020,1.1125
3/3/2020,1.1117
3/2/2020,1.1122
2/28/2020,1.0977
2/27/2020,1.0964
2/26/2020,1.0875
2/25/2020,1.084
2/24/2020,1.0818
2/21/2020,1.0801
2/20/2020,1.079
2/19/2020,1.08
2/18/2020,1.0816
2/17/2020,1.0835
2/14/2020,1.0842
2/13/2020,1.0867
2/12/2020,1.0914
2/11/2020,1.0901
2/10/2020,1.0951
2/7/2020,1.0969
2/6/2020,1.1003
2/5/2020,1.1023
2/4/2020,1.1048
2/3/2020,1.1066
1/31/2020,1.1052
1/30/2020,1.1029
1/29/2020,1.1001
1/28/2020,1.1005
1/27/2020,1.1025
1/24/2020,1.1035
1/23/2020,1.1091
1/22/2020,1.1088
1/21/2020,1.1115
1/20/2020,1.1085
1/17/2020,1.1108
1/16/2020,1.1169
1/15/2020,1.1142
1/14/2020,1.1115
1/13/2020,1.1126
1/10/2020,1.1091
1/9/2020,1.111
1/8/2020,1.1115
1/7/2020,1.1172
1/6/2020,1.1194
1/3/2020,1.1147
1/2/2020,1.1193
12/31/2019,1.1234
12/30/2019,1.1189
12/27/2019,1.1153
12/24/2019,1.108
12/23/2019,1.1075
12/20/2019,1.1097
12/19/2019,1.1117
12/18/2019,1.1115
12/17/2019,1.1162
12/16/2019,1.1146
12/13/2019,1.1174
12/12/2019,1.1137
12/11/2019,1.1075
12/10/2019,1.1077
12/9/2019,1.1075
12/6/2019,1.1094
12/5/2019,1.1094
12/4/2019,1.1081
12/3/2019,1.1071
12/2/2019,1.1023
11/29/2019,1.0982
11/28/2019,1.1005
11/27/2019,1.1009
11/26/2019,1.102
11/25/2019,1.1008
11/22/2019,1.1058
11/21/2019,1.1091
11/20/2019,1.1059
11/19/2019,1.1077
11/18/2019,1.1061
11/15/2019,1.1034
11/14/2019,1.0997
11/13/2019,1.1006
11/12/2019,1.1015
11/11/2019,1.1041
11/8/2019,1.1034
11/7/2019,1.1077
11/6/2019,1.109
11/5/2019,1.1109
11/4/2019,1.1158
11/1/2019,1.1139
10/31/2019,1.1154
10/30/2019,1.1106
10/29/2019,1.1095
10/28/2019,1.1087
10/25/2019,1.1107
10/24/2019,1.1128
10/23/2019,1.1123
10/22/2019,1.113
10/21/2019,1.1173
10/18/2019,1.1144
10/17/2019,1.1113
10/16/2019,1.1025
10/15/2019,1.1007
10/14/2019,1.1031
10/11/2019,1.1043
10/10/2019,1.103
10/9/2019,1.0981
10/8/2019,1.0986
10/7/2019,1.0993
10/4/2019,1.0979
10/3/2019,1.0951
10/2/2019,1.0925
10/1/2019,1.0898
9/30/2019,1.0889
9/27/2019,1.0935
9/26/2019,1.0938
9/25/2019,1.0982
9/24/2019,1.1003
9/23/2019,1.0985
9/20/2019,1.103
9/19/2019,1.1067
9/18/2019,1.1053
9/17/2019,1.1026
9/16/2019,1.1031
9/13/2019,1.1096
9/12/2019,1.0963
9/11/2019,1.1003
9/10/2019,1.104
9/9/2019,1.1033
9/6/2019,1.1027
9/5/2019,1.1058
9/4/2019,1.1018
9/3/2019,1.0937
9/2/2019,1.0968
8/30/2019,1.1036
8/29/2019,1.1072
8/28/2019,1.1083
8/27/2019,1.1104
8/26/2019,1.1116
8/23/2019,1.1065
8/22/2019,1.1083
8/21/2019,1.1104
8/20/2019,1.1076
8/19/2019,1.1103
8/16/2019,1.1076
8/15/2019,1.115
8/14/2019,1.1188
8/13/2019,1.1222
8/12/2019,1.1194
8/9/2019,1.1198
8/8/2019,1.1193
8/7/2019,1.1202
8/6/2019,1.1187
8/5/2019,1.1182
8/2/2019,1.1106
8/1/2019,1.1037
7/31/2019,1.1151
7/30/2019,1.1154
7/29/2019,1.1119
7/26/2019,1.1138
7/25/2019,1.1115
7/24/2019,1.114
7/23/2019,1.1173
7/22/2019,1.1215
7/19/2019,1.1226
7/18/2019,1.1216
7/17/2019,1.1215
7/16/2019,1.1223
7/15/2019,1.1269
7/12/2019,1.1253
7/11/2019,1.1285
7/10/2019,1.122
7/9/2019,1.1205
7/8/2019,1.1215
7/5/2019,1.126
7/4/2019,1.1288
7/3/2019,1.1293
7/2/2019,1.1301
7/1/2019,1.1349
6/28/2019,1.138
6/27/2019,1.137
6/26/2019,1.1362
6/25/2019,1.1388
6/24/2019,1.1394
6/21/2019,1.1316
6/20/2019,1.1307
6/19/2019,1.1207
6/18/2019,1.1187
6/17/2019,1.1234
6/14/2019,1.1265
6/13/2019,1.1289
6/12/2019,1.1323
6/11/2019,1.132
6/10/2019,1.1301
6/7/2019,1.1273
6/6/2019,1.1266
6/5/2019,1.1257
6/4/2019,1.1244
6/3/2019,1.1185
5/31/2019,1.1151
5/30/2019,1.1134
5/29/2019,1.1156
5/28/2019,1.1192
5/27/2019,1.1198
5/24/2019,1.1187
5/23/2019,1.1139
5/22/2019,1.1171
5/21/2019,1.1161
5/20/2019,1.1167
5/17/2019,1.1172
5/16/2019,1.1203
5/15/2019,1.1183
5/14/2019,1.1226
5/13/2019,1.1245
5/10/2019,1.123
5/9/2019,1.1193
5/8/2019,1.1202
5/7/2019,1.1185
5/6/2019,1.1199
5/3/2019,1.1155
5/2/2019,1.1212
4/30/2019,1.1218
4/29/2019,1.115
4/26/2019,1.1133
4/25/2019,1.1123
4/24/2019,1.1209
4/23/2019,1.1245
4/18/2019,1.125
4/17/2019,1.1301
4/16/2019,1.1305
4/15/2019,1.1313
4/12/2019,1.1321
4/11/2019,1.1264
4/10/2019,1.1279
4/9/2019,1.1277
4/8/2019,1.1246
4/5/2019,1.1233
4/4/2019,1.1219
4/3/2019,1.1243
4/2/2019,1.12
4/1/2019,1.1236
3/29/2019,1.1235
3/28/2019,1.1218
3/27/2019,1.1261
3/26/2019,1.1291
3/25/2019,1.1325
3/22/2019,1.1302
3/21/2019,1.1387
3/20/2019,1.1354
3/19/2019,1.1358
3/18/2019,1.1349
3/15/2019,1.1308
3/14/2019,1.1295
3/13/2019,1.1303
3/12/2019,1.1275
3/11/2019,1.1244
3/8/2019,1.1222
3/7/2019,1.1271
3/6/2019,1.1305
3/5/2019,1.1329
3/4/2019,1.1337
3/1/2019,1.1383
2/28/2019,1.1416
2/27/2019,1.1386
2/26/2019,1.1361
2/25/2019,1.1355
2/22/2019,1.1325
2/21/2019,1.1354
2/20/2019,1.1342
2/19/2019,1.1294
2/18/2019,1.1328
2/15/2019,1.126
2/14/2019,1.1268
2/13/2019,1.1305
2/12/2019,1.1296
2/11/2019,1.1309
2/8/2019,1.1346
2/7/2019,1.1345
2/6/2019,1.1394
2/5/2019,1.1423
2/4/2019,1.1445
2/1/2019,1.1471
1/31/2019,1.1488
1/30/2019,1.1429
1/29/2019,1.1422
1/28/2019,1.1418
1/25/2019,1.1346
1/24/2019,1.1341
1/23/2019,1.1367
1/22/2019,1.1354
1/21/2019,1.1362
1/18/2019,1.1402
1/17/2019,1.1396
1/16/2019,1.1389
1/15/2019,1.1424
1/14/2019,1.1467
1/11/2019,1.1533
1/10/2019,1.1535
1/9/2019,1.1455
1/8/2019,1.144
1/7/2019,1.1445
1/4/2019,1.1403
1/3/2019,1.1348
1/2/2019,1.1397
12/31/2018,1.145
12/28/2018,1.1454
12/27/2018,1.1377
12/24/2018,1.1408
12/21/2018,1.1414
12/20/2018,1.1451
12/19/2018,1.1405
12/18/2018,1.1377
12/17/2018,1.1341
12/14/2018,1.1285
12/13/2018,1.1371
12/12/2018,1.1346
12/11/2018,1.1379
12/10/2018,1.1425
12/7/2018,1.1371
12/6/2018,1.1351
12/5/2018,1.1354
12/4/2018,1.1409
12/3/2018,1.1332
11/30/2018,1.1359
11/29/2018,1.1387
11/28/2018,1.1284
11/27/2018,1.1328
11/26/2018,1.1363
11/23/2018,1.1352
11/22/2018,1.1403
11/21/2018,1.1409
11/20/2018,1.1421
11/19/2018,1.1427
11/16/2018,1.1346
11/15/2018,1.1305
11/14/2018,1.1296
11/13/2018,1.1261
11/12/2018,1.1265
11/9/2018,1.1346
11/8/2018,1.1424
11/7/2018,1.1487
11/6/2018,1.1428
11/5/2018,1.137
11/2/2018,1.1417
11/1/2018,1.1393
10/31/2018,1.1318
10/30/2018,1.1372
10/29/2018,1.1381
10/26/2018,1.1345
10/25/2018,1.1416
10/24/2018,1.1389
10/23/2018,1.1478
10/22/2018,1.1494
10/19/2018,1.147
10/18/2018,1.1505
10/17/2018,1.153
10/16/2018,1.1587
10/15/2018,1.1581
10/12/2018,1.1574
10/11/2018,1.1575
10/10/2018,1.15
10/9/2018,1.1435
10/8/2018,1.1478
10/5/2018,1.1506
10/4/2018,1.1502
10/3/2018,1.1548
10/2/2018,1.1543
10/1/2018,1.1606
9/28/2018,1.1576
9/27/2018,1.1707
9/26/2018,1.1737
9/25/2018,1.1777
9/24/2018,1.1773
9/21/2018,1.1759
9/20/2018,1.1769
9/19/2018,1.1667
9/18/2018,1.1697
9/17/2018,1.1671
9/14/2018,1.1689
9/13/2018,1.162
9/12/2018,1.1585
9/11/2018,1.1574
9/10/2018,1.1571
9/7/2018,1.1615
9/6/2018,1.1634
9/5/2018,1.1582
9/4/2018,1.1562
9/3/2018,1.1609
8/31/2018,1.1651
8/30/2018,1.1692
8/29/2018,1.166
8/28/2018,1.171
8/27/2018,1.1633
8/24/2018,1.1588
8/23/2018,1.1579
8/22/2018,1.1616
8/21/2018,1.1502
8/20/2018,1.142
8/17/2018,1.1391
8/16/2018,1.137
8/15/2018,1.1321
8/14/2018,1.1406
8/13/2018,1.1403
8/10/2018,1.1456
8/9/2018,1.1593
8/8/2018,1.1589
8/7/2018,1.1602
8/6/2018,1.1543
8/3/2018,1.1588
8/2/2018,1.1617
8/1/2018,1.1696
7/31/2018,1.1736
7/30/2018,1.1684
7/27/2018,1.1625
7/26/2018,1.1716
7/25/2018,1.169
7/24/2018,1.1706
7/23/2018,1.1716
7/20/2018,1.167
7/19/2018,1.1588
7/18/2018,1.1611
7/17/2018,1.1707
7/16/2018,1.172
7/13/2018,1.1643
7/12/2018,1.1658
7/11/2018,1.1735
7/10/2018,1.1713
7/9/2018,1.1789
7/6/2018,1.1724
7/5/2018,1.1709
7/4/2018,1.1642
7/3/2018,1.1665
7/2/2018,1.1639
6/29/2018,1.1658
6/28/2018,1.1583
6/27/2018,1.1616
6/26/2018,1.1672
6/25/2018,1.17
6/22/2018,1.1648
6/21/2018,1.1538
6/20/2018,1.1578
6/19/2018,1.1534
6/18/2018,1.1613
6/15/2018,1.1596
6/14/2018,1.173
6/13/2018,1.1764
6/12/2018,1.1788
6/11/2018,1.179
6/8/2018,1.1754
6/7/2018,1.1836
6/6/2018,1.1765
6/5/2018,1.1675
6/4/2018,1.1737
6/1/2018,1.1669
5/31/2018,1.1699
5/30/2018,1.1632
5/29/2018,1.1558
5/28/2018,1.1644
5/25/2018,1.1675
5/24/2018,1.1728
5/23/2018,1.1708
5/22/2018,1.1794
5/21/2018,1.1759
5/18/2018,1.1781
5/17/2018,1.1805
5/16/2018,1.1784
5/15/2018,1.1883
5/14/2018,1.1988
5/11/2018,1.1934
5/10/2018,1.1878
5/9/2018,1.1879
5/8/2018,1.187
5/7/2018,1.1902
5/4/2018,1.1969
5/3/2018,1.1992
5/2/2018,1.2007
4/30/2018,1.2079
4/27/2018,1.207
4/26/2018,1.2168
4/25/2018,1.2185
4/24/2018,1.2213
4/23/2018,1.2238
4/20/2018,1.2309
4/19/2018,1.2382
4/18/2018,1.2388
4/17/2018,1.2357
4/16/2018,1.237
4/13/2018,1.2317
4/12/2018,1.2323
4/11/2018,1.2384
4/10/2018,1.2361
4/9/2018,1.2304
4/6/2018,1.2234
4/5/2018,1.226
4/4/2018,1.2276
4/3/2018,1.2308
3/29/2018,1.2321
3/28/2018,1.2398
3/27/2018,1.2376
3/26/2018,1.2411
3/23/2018,1.2346
3/22/2018,1.2316
3/21/2018,1.2286
3/20/2018,1.2276
3/19/2018,1.2309
3/16/2018,1.2301
3/15/2018,1.2341
3/14/2018,1.2369
3/13/2018,1.2378
3/12/2018,1.2302
3/9/2018,1.2291
3/8/2018,1.2421
3/7/2018,1.2417
3/6/2018,1.2411
3/5/2018,1.2307
3/2/2018,1.2312
3/1/2018,1.2171
2/28/2018,1.2214
2/27/2018,1.2301
2/26/2018,1.232
2/23/2018,1.2299
2/22/2018,1.2276
2/21/2018,1.2312
2/20/2018,1.234
2/19/2018,1.241
2/16/2018,1.2464
2/15/2018,1.2493
2/14/2018,1.2348
2/13/2018,1.2333
2/12/2018,1.2263
2/9/2018,1.2273
2/8/2018,1.2252
2/7/2018,1.2338
2/6/2018,1.2329
2/5/2018,1.244
2/2/2018,1.2492
2/1/2018,1.2459
1/31/2018,1.2457
1/30/2018,1.2421
1/29/2018,1.2379
1/26/2018,1.2436
1/25/2018,1.2407
1/24/2018,1.2352
1/23/2018,1.2249
1/22/2018,1.2239
1/19/2018,1.2255
1/18/2018,1.2235
1/17/2018,1.2203
1/16/2018,1.223
1/15/2018,1.2277
1/12/2018,1.2137
1/11/2018,1.2017
1/10/2018,1.1992
1/9/2018,1.1932
1/8/2018,1.1973
1/5/2018,1.2045
1/4/2018,1.2065
1/3/2018,1.2023
1/2/2018,1.2065
12/29/2017,1.1993
12/28/2017,1.1934
12/27/2017,1.1895
12/22/2017,1.1853
12/21/2017,1.1859
12/20/2017,1.1845
12/19/2017,1.1823
12/18/2017,1.1795
12/15/2017,1.1806
12/14/2017,1.1845
12/13/2017,1.1736
12/12/2017,1.1766
12/11/2017,1.1796
12/8/2017,1.1742
12/7/2017,1.1786
12/6/2017,1.1817
12/5/2017,1.1847
12/4/2017,1.1865
12/1/2017,1.1885
11/30/2017,1.1849
11/29/2017,1.1827
11/28/2017,1.1888
11/27/2017,1.1952
11/24/2017,1.1877
11/23/2017,1.1848
11/22/2017,1.1749
11/21/2017,1.1718
11/20/2017,1.1781
11/17/2017,1.1795
11/16/2017,1.1771
11/15/2017,1.184
11/14/2017,1.1745
11/13/2017,1.1656
11/10/2017,1.1654
11/9/2017,1.163
11/8/2017,1.159
11/7/2017,1.1562
11/6/2017,1.159
11/3/2017,1.1657
11/2/2017,1.1645
11/1/2017,1.1612
10/31/2017,1.1638
10/30/2017,1.1612
10/27/2017,1.1605
10/26/2017,1.1753
10/25/2017,1.1785
10/24/2017,1.1761
10/23/2017,1.174
10/20/2017,1.1818
10/19/2017,1.1834
10/18/2017,1.1749
10/17/2017,1.1759
10/16/2017,1.1803
10/13/2017,1.181
10/12/2017,1.1856
10/11/2017,1.183
10/10/2017,1.1797
10/9/2017,1.1746
10/6/2017,1.1707
10/5/2017,1.1742
10/4/2017,1.1787
10/3/2017,1.1753
10/2/2017,1.1744
9/29/2017,1.1806
9/28/2017,1.1778
9/27/2017,1.1741
9/26/2017,1.1787
9/25/2017,1.1867
9/22/2017,1.1961
9/21/2017,1.1905
9/20/2017,1.2007
9/19/2017,1.1972
9/18/2017,1.1948
9/15/2017,1.1963
9/14/2017,1.1885
9/13/2017,1.1979
9/12/2017,1.1933
9/11/2017,1.1997
9/8/2017,1.206
9/7/2017,1.1971
9/6/2017,1.1931
9/5/2017,1.189
9/4/2017,1.1905
9/1/2017,1.192
8/31/2017,1.1825
8/30/2017,1.1916
8/29/2017,1.2048
8/28/2017,1.1925
8/25/2017,1.1808
8/24/2017,1.1806
8/23/2017,1.1799
8/22/2017,1.1771
8/21/2017,1.1761
8/18/2017,1.174
8/17/2017,1.1697
8/16/2017,1.171
8/15/2017,1.1744
8/14/2017,1.1797
8/11/2017,1.1765
8/10/2017,1.1732
8/9/2017,1.1731
8/8/2017,1.1814
8/7/2017,1.1797
8/4/2017,1.1868
8/3/2017,1.186
8/2/2017,1.1829
8/1/2017,1.1812
7/31/2017,1.1727
7/28/2017,1.1729
7/27/2017,1.1694
7/26/2017,1.1644
7/25/2017,1.1694
7/24/2017,1.1648
7/21/2017,1.1642
7/20/2017,1.1485
7/19/2017,1.1533
7/18/2017,1.1555
7/17/2017,1.1462
7/14/2017,1.1415
7/13/2017,1.1417
7/12/2017,1.1449
7/11/2017,1.1405
7/10/2017,1.1387
7/7/2017,1.1412
7/6/2017,1.1385
7/5/2017,1.1329
7/4/2017,1.1353
7/3/2017,1.1369
6/30/2017,1.1412
6/29/2017,1.1413
6/28/2017,1.1375
6/27/2017,1.1278
6/26/2017,1.1187
6/23/2017,1.1173
6/22/2017,1.1169
6/21/2017,1.1147
6/20/2017,1.1156
6/19/2017,1.1199
6/16/2017,1.1167
6/15/2017,1.1166
6/14/2017,1.1203
6/13/2017,1.1217
6/12/2017,1.1221
6/9/2017,1.1176
6/8/2017,1.1229
6/7/2017,1.1217
6/6/2017,1.1258
6/5/2017,1.1249
6/2/2017,1.1217
6/1/2017,1.1219
5/31/2017,1.1221
5/30/2017,1.1173
5/29/2017,1.1188
5/26/2017,1.1196
5/25/2017,1.1214
5/24/2017,1.1193
5/23/2017,1.1215
5/22/2017,1.1243
5/19/2017,1.1179
5/18/2017,1.1129
5/17/2017,1.1117
5/16/2017,1.1059
5/15/2017,1.0972
5/12/2017,1.0876
5/11/2017,1.086
5/10/2017,1.0882
5/9/2017,1.0888
5/8/2017,1.0938
5/5/2017,1.0961
5/4/2017,1.0927
5/3/2017,1.0919
5/2/2017,1.0915
4/28/2017,1.093
4/27/2017,1.0881
4/26/2017,1.0893
4/25/2017,1.0891
4/24/2017,1.0848
4/21/2017,1.0698
4/20/2017,1.0745
4/19/2017,1.0725
4/18/2017,1.0682
4/13/2017,1.063
4/12/2017,1.0605
4/11/2017,1.0616
4/10/2017,1.0578
4/7/2017,1.063
4/6/2017,1.0666
4/5/2017,1.0678
4/4/2017,1.0651
4/3/2017,1.0661
3/31/2017,1.0691
3/30/2017,1.0737
3/29/2017,1.0748
3/28/2017,1.0859
3/27/2017,1.0889
3/24/2017,1.0805
3/23/2017,1.0786
3/22/2017,1.0807
3/21/2017,1.0802
3/20/2017,1.0752
3/17/2017,1.0737
3/16/2017,1.0726
3/15/2017,1.0622
3/14/2017,1.0631
3/13/2017,1.0663
3/10/2017,1.0606
3/9/2017,1.0551
3/8/2017,1.0556
3/7/2017,1.0576
3/6/2017,1.0592
3/3/2017,1.0565
3/2/2017,1.0514
3/1/2017,1.0533
2/28/2017,1.0597
2/27/2017,1.0587
2/24/2017,1.0609
2/23/2017,1.0573
2/22/2017,1.0513
2/21/2017,1.0537
2/20/2017,1.0616
2/17/2017,1.065
2/16/2017,1.0652
2/15/2017,1.0555
2/14/2017,1.0623
2/13/2017,1.0629
2/10/2017,1.0629
2/9/2017,1.0692
2/8/2017,1.0665
2/7/2017,1.0675
2/6/2017,1.0712
2/3/2017,1.0741
2/2/2017,1.0808
2/1/2017,1.079
1/31/2017,1.0755
1/30/2017,1.063
1/27/2017,1.0681
1/26/2017,1.07
1/25/2017,1.0743
1/24/2017,1.0748
1/23/2017,1.0715
1/20/2017,1.0632
1/19/2017,1.0668
1/18/2017,1.0664
1/17/2017,1.0684
1/16/2017,1.0594
1/13/2017,1.0661
1/12/2017,1.0679
1/11/2017,1.0503
1/10/2017,1.0567
1/9/2017,1.0516
1/6/2017,1.0589
1/5/2017,1.0501
1/4/2017,1.0437
1/3/2017,1.0385
1/2/2017,1.0465
12/30/2016,1.0541
12/29/2016,1.0453
12/28/2016,1.0401
12/27/2016,1.0445
12/23/2016,1.0446
12/22/2016,1.0444
12/21/2016,1.0421
12/20/2016,1.0364
12/19/2016,1.0422
12/16/2016,1.0439
12/15/2016,1.0419
12/14/2016,1.0644
12/13/2016,1.061
12/12/2016,1.0596
12/9/2016,1.0559
12/8/2016,1.0762
12/7/2016,1.073
12/6/2016,1.0734
12/5/2016,1.0702
12/2/2016,1.0642
12/1/2016,1.0627
11/30/2016,1.0635
11/29/2016,1.0576
11/28/2016,1.0588
11/25/2016,1.0592
11/24/2016,1.0548
11/23/2016,1.0602
11/22/2016,1.0617
11/21/2016,1.0631
11/18/2016,1.0629
11/17/2016,1.0717
11/16/2016,1.0702
11/15/2016,1.0765
11/14/2016,1.0777
11/11/2016,1.0904
11/10/2016,1.0895
11/9/2016,1.1022
11/8/2016,1.1038
11/7/2016,1.1062
11/4/2016,1.1093
11/3/2016,1.1064
11/2/2016,1.1095
11/1/2016,1.1025
10/31/2016,1.0946
10/28/2016,1.0922
10/27/2016,1.0927
10/26/2016,1.0925
10/25/2016,1.0872
10/24/2016,1.0891
10/21/2016,1.0886
10/20/2016,1.098
10/19/2016,1.0979
10/18/2016,1.0993
10/17/2016,1.0994
10/14/2016,1.1002
10/13/2016,1.1038
10/12/2016,1.102
10/11/2016,1.1079
10/10/2016,1.116
10/7/2016,1.114
10/6/2016,1.1185
10/5/2016,1.1211
10/4/2016,1.1161
10/3/2016,1.1236
9/30/2016,1.1161
9/29/2016,1.1221
9/28/2016,1.1225
9/27/2016,1.122
9/26/2016,1.1262
9/23/2016,1.1214
9/22/2016,1.1238
9/21/2016,1.115
9/20/2016,1.1184
9/19/2016,1.1165
9/16/2016,1.1226
9/15/2016,1.1254
9/14/2016,1.1218
9/13/2016,1.1247
9/12/2016,1.1226
9/9/2016,1.1268
9/8/2016,1.1296
9/7/2016,1.1237
9/6/2016,1.1159
9/5/2016,1.1156
9/2/2016,1.1193
9/1/2016,1.1146
8/31/2016,1.1132
8/30/2016,1.1168
8/29/2016,1.117
8/26/2016,1.129
8/25/2016,1.129
8/24/2016,1.1268
8/23/2016,1.1339
8/22/2016,1.1306
8/19/2016,1.1326
8/18/2016,1.1321
8/17/2016,1.1276
8/16/2016,1.1295
8/15/2016,1.118
8/12/2016,1.1158
8/11/2016,1.1153
8/10/2016,1.1184
8/9/2016,1.1078
8/8/2016,1.1087
8/5/2016,1.1156
8/4/2016,1.1136
8/3/2016,1.12
8/2/2016,1.1193
8/1/2016,1.1164
7/29/2016,1.1113
7/28/2016,1.109
7/27/2016,1.0991
7/26/2016,1.0997
7/25/2016,1.0982
7/22/2016,1.1014
7/21/2016,1.1015
7/20/2016,1.1013
7/19/2016,1.1035
7/18/2016,1.1053
7/15/2016,1.1128
7/14/2016,1.1157
7/13/2016,1.1072
7/12/2016,1.1092
7/11/2016,1.1049
7/8/2016,1.107
7/7/2016,1.108
7/6/2016,1.1069
7/5/2016,1.1146
7/4/2016,1.1138
7/1/2016,1.1135
6/30/2016,1.1102
6/29/2016,1.109
6/28/2016,1.1073
6/27/2016,1.0998
6/24/2016,1.1066
6/23/2016,1.1389
6/22/2016,1.1283
6/21/2016,1.1314
6/20/2016,1.1332
6/17/2016,1.1254
6/16/2016,1.1174
6/15/2016,1.123
6/14/2016,1.1225
6/13/2016,1.1268
6/10/2016,1.1304
6/9/2016,1.1343
6/8/2016,1.1378
6/7/2016,1.1348
6/6/2016,1.1349
6/3/2016,1.1154
6/2/2016,1.1188
6/1/2016,1.1174
5/31/2016,1.1154
5/30/2016,1.1139
5/27/2016,1.1168
5/26/2016,1.1168
5/25/2016,1.1146
5/24/2016,1.1168
5/23/2016,1.1215
5/20/2016,1.1219
5/19/2016,1.1197
5/18/2016,1.1279
5/17/2016,1.1318
5/16/2016,1.1324
5/13/2016,1.1348
5/12/2016,1.1389
5/11/2016,1.1409
5/10/2016,1.1375
5/9/2016,1.1395
5/6/2016,1.1427
5/5/2016,1.1439
5/4/2016,1.1505
5/3/2016,1.1569
5/2/2016,1.1493
4/29/2016,1.1403
4/28/2016,1.1358
4/27/2016,1.1303
4/26/2016,1.1287
4/25/2016,1.1264
4/22/2016,1.1263
4/21/2016,1.1355
4/20/2016,1.1379
4/19/2016,1.1343
4/18/2016,1.1306
4/15/2016,1.1284
4/14/2016,1.1252
4/13/2016,1.1298
4/12/2016,1.1396
4/11/2016,1.139
4/8/2016,1.1363
4/7/2016,1.1364
4/6/2016,1.1336
4/5/2016,1.1367
4/4/2016,1.138
4/1/2016,1.1432
3/31/2016,1.1385
3/30/2016,1.1324
3/29/2016,1.1194
3/24/2016,1.1154
3/23/2016,1.1171
3/22/2016,1.1212
3/21/2016,1.1271
3/18/2016,1.1279
3/17/2016,1.1311
3/16/2016,1.1064
3/15/2016,1.1109
3/14/2016,1.1119
3/11/2016,1.109
3/10/2016,1.0857
3/9/2016,1.0973
3/8/2016,1.1028
3/7/2016,1.0953
3/4/2016,1.097
3/3/2016,1.0901
3/2/2016,1.0856
3/1/2016,1.0872
2/29/2016,1.0888
2/26/2016,1.1006
2/25/2016,1.1027
2/24/2016,1.0981
2/23/2016,1.1002
2/22/2016,1.1026
2/19/2016,1.1096
2/18/2016,1.1084
2/17/2016,1.1136
2/16/2016,1.1166
2/15/2016,1.118
2/12/2016,1.1275
2/11/2016,1.1347
2/10/2016,1.1257
2/9/2016,1.1236
2/8/2016,1.1101
2/5/2016,1.1202
2/4/2016,1.1206
2/3/2016,1.0933
2/2/2016,1.0919
2/1/2016,1.0884
1/29/2016,1.092
1/28/2016,1.0903
1/27/2016,1.0888
1/26/2016,1.0837
1/25/2016,1.0815
1/22/2016,1.0808
1/21/2016,1.0893
1/20/2016,1.0907
1/19/2016,1.0868
1/18/2016,1.0892
1/15/2016,1.0914
1/14/2016,1.0893
1/13/2016,1.0816
1/12/2016,1.0836
1/11/2016,1.0888
1/8/2016,1.0861
1/7/2016,1.0868
1/6/2016,1.0742
1/5/2016,1.0746
1/4/2016,1.0898
12/31/2015,1.0887
12/30/2015,1.0926
12/29/2015,1.0952
12/28/2015,1.0962
12/24/2015,1.0947
12/23/2015,1.0916
12/22/2015,1.0952
12/21/2015,1.087
12/18/2015,1.0836
12/17/2015,1.0841
12/16/2015,1.0933
12/15/2015,1.099
12/14/2015,1.0983
12/11/2015,1.095
12/10/2015,1.0943
12/9/2015,1.0941
12/8/2015,1.0875
12/7/2015,1.0809
12/4/2015,1.0902
12/3/2015,1.0671
12/2/2015,1.0612
12/1/2015,1.06
11/30/2015,1.0579
11/27/2015,1.058
11/26/2015,1.0612
11/25/2015,1.0586
11/24/2015,1.0651
11/23/2015,1.0631
11/20/2015,1.0688
11/19/2015,1.0687
11/18/2015,1.0666
11/17/2015,1.067
11/16/2015,1.0723
11/13/2015,1.0764
11/12/2015,1.0726
11/11/2015,1.0716
11/10/2015,1.0711
11/9/2015,1.0776
11/6/2015,1.0864
11/5/2015,1.0883
11/4/2015,1.0935
11/3/2015,1.0976
11/2/2015,1.1032
10/30/2015,1.1017
10/29/2015,1.093
10/28/2015,1.1085
10/27/2015,1.1061
10/26/2015,1.1011
10/23/2015,1.1084
10/22/2015,1.1313
10/21/2015,1.1354
10/20/2015,1.1373
10/19/2015,1.1333
10/16/2015,1.136
10/15/2015,1.1439
10/14/2015,1.141
10/13/2015,1.1374
10/12/2015,1.1373
10/9/2015,1.1362
10/8/2015,1.1254
10/7/2015,1.1266
10/6/2015,1.1224
10/5/2015,1.1236
10/2/2015,1.116
10/1/2015,1.1153
9/30/2015,1.1203
9/29/2015,1.1204
9/28/2015,1.117
9/25/2015,1.1151
9/24/2015,1.1241
9/23/2015,1.115
9/22/2015,1.1155
9/21/2015,1.125
9/18/2015,1.1419
9/17/2015,1.1312
9/16/2015,1.1228
9/15/2015,1.132
9/14/2015,1.1305
9/11/2015,1.1268
9/10/2015,1.1185
9/9/2015,1.1139
9/8/2015,1.1162
9/7/2015,1.1146
9/4/2015,1.1138
9/3/2015,1.1229
9/2/2015,1.1255
9/1/2015,1.1236
8/31/2015,1.1215
8/28/2015,1.1268
8/27/2015,1.1284
8/26/2015,1.1402
8/25/2015,1.1506
8/24/2015,1.1497
8/21/2015,1.1281
8/20/2015,1.1183
8/19/2015,1.1041
8/18/2015,1.106
8/17/2015,1.11
8/14/2015,1.1171
8/13/2015,1.1109
8/12/2015,1.1155
8/11/2015,1.1055
8/10/2015,1.096
8/7/2015,1.0941
8/6/2015,1.0885
8/5/2015,1.0883
8/4/2015,1.0973
8/3/2015,1.0951
7/31/2015,1.0967
7/30/2015,1.0955
7/29/2015,1.103
7/28/2015,1.1025
7/27/2015,1.1058
7/24/2015,1.0939
7/23/2015,1.0999
7/22/2015,1.0902
7/21/2015,1.0867
7/20/2015,1.0852
7/17/2015,1.0889
7/16/2015,1.0867
7/15/2015,1.1009
7/14/2015,1.1031
7/13/2015,1.1049
7/10/2015,1.1185
7/9/2015,1.1054
7/8/2015,1.1024
7/7/2015,1.0931
7/6/2015,1.1008
7/3/2015,1.1096
7/2/2015,1.1066
7/1/2015,1.11
6/30/2015,1.1189
6/29/2015,1.1133
6/26/2015,1.1202
6/25/2015,1.1206
6/24/2015,1.1213
6/23/2015,1.1204
6/22/2015,1.1345
6/19/2015,1.1299
6/18/2015,1.1404
6/17/2015,1.1279
6/16/2015,1.1215
6/15/2015,1.1218
6/12/2015,1.122
6/11/2015,1.1232
6/10/2015,1.1279
6/9/2015,1.1249
6/8/2015,1.1162
6/5/2015,1.1218
6/4/2015,1.1317
6/3/2015,1.1134
6/2/2015,1.1029
6/1/2015,1.0944
5/29/2015,1.097
5/28/2015,1.0896
5/27/2015,1.0863
5/26/2015,1.0926
5/25/2015,1.0978
5/22/2015,1.1164
5/21/2015,1.1133
5/20/2015,1.1118
5/19/2015,1.118
5/18/2015,1.1389
5/15/2015,1.1328
5/14/2015,1.1419
5/13/2015,1.1221
5/12/2015,1.1239
5/11/2015,1.1142
5/8/2015,1.1221
5/7/2015,1.1305
5/6/2015,1.123
5/5/2015,1.1117
5/4/2015,1.1152
4/30/2015,1.1215
4/29/2015,1.1002
4/28/2015,1.0927
4/27/2015,1.0822
4/24/2015,1.0824
4/23/2015,1.0772
4/22/2015,1.0743
4/21/2015,1.07
4/20/2015,1.0723
4/17/2015,1.0814
4/16/2015,1.0711
4/15/2015,1.0579
4/14/2015,1.0564
4/13/2015,1.0552
4/10/2015,1.057
4/9/2015,1.0774
4/8/2015,1.0862
4/7/2015,1.0847
4/2/2015,1.083
4/1/2015,1.0755
3/31/2015,1.0759
3/30/2015,1.0845
3/27/2015,1.0856
3/26/2015,1.0973
3/25/2015,1.0985
3/24/2015,1.095
3/23/2015,1.0912
3/20/2015,1.0776
3/19/2015,1.0677
3/18/2015,1.0592
3/17/2015,1.0635
3/16/2015,1.0557
3/13/2015,1.0572
3/12/2015,1.0613
3/11/2015,1.0578
3/10/2015,1.0738
3/9/2015,1.086
3/6/2015,1.0963
3/5/2015,1.1069
3/4/2015,1.1124
3/3/2015,1.1168
3/2/2015,1.1227
2/27/2015,1.124
2/26/2015,1.1317
2/25/2015,1.1346
2/24/2015,1.1328
2/23/2015,1.1298
2/20/2015,1.1298
2/19/2015,1.1387
2/18/2015,1.1372
2/17/2015,1.1415
2/16/2015,1.1408
2/13/2015,1.1381
2/12/2015,1.1328
2/11/2015,1.1314
2/10/2015,1.1297
2/9/2015,1.1275
2/6/2015,1.1447
2/5/2015,1.141
2/4/2015,1.1446
2/3/2015,1.1376
2/2/2015,1.131
1/30/2015,1.1305
1/29/2015,1.1315
1/28/2015,1.1344
1/27/2015,1.1306
1/26/2015,1.1244
1/23/2015,1.1198
1/22/2015,1.1618
1/21/2015,1.1593
1/20/2015,1.1579
1/19/2015,1.1605
1/16/2015,1.1588
1/15/2015,1.1708
1/14/2015,1.1775
1/13/2015,1.1782
1/12/2015,1.1804
1/9/2015,1.1813
1/8/2015,1.1768
1/7/2015,1.1831
1/6/2015,1.1914
1/5/2015,1.1915
1/2/2015,1.2043
12/31/2014,1.2141
12/30/2014,1.216
12/29/2014,1.2197
12/24/2014,1.2219
12/23/2014,1.2213
12/22/2014,1.2259
12/19/2014,1.2279
12/18/2014,1.2285
12/17/2014,1.2448
12/16/2014,1.2537
12/15/2014,1.2426
12/12/2014,1.245
12/11/2014,1.2428
12/10/2014,1.2392
12/9/2014,1.2369
12/8/2014,1.2258
12/5/2014,1.2362
12/4/2014,1.2311
12/3/2014,1.2331
12/2/2014,1.2424
12/1/2014,1.2469
11/28/2014,1.2483
11/27/2014,1.248
11/26/2014,1.2475
11/25/2014,1.2424
11/24/2014,1.241
11/21/2014,1.2422
11/20/2014,1.2539
11/19/2014,1.2535
11/18/2014,1.2514
11/17/2014,1.2496
11/14/2014,1.2436
11/13/2014,1.2456
11/12/2014,1.2467
11/11/2014,1.2424
11/10/2014,1.2486
11/7/2014,1.2393
11/6/2014,1.2517
11/5/2014,1.248
11/4/2014,1.2514
11/3/2014,1.2493
10/31/2014,1.2524
10/30/2014,1.2598
10/29/2014,1.2737
10/28/2014,1.2748
10/27/2014,1.2679
10/24/2014,1.2659
10/23/2014,1.2669
10/22/2014,1.2693
10/21/2014,1.2762
10/20/2014,1.2773
10/17/2014,1.2823
10/16/2014,1.2749
10/15/2014,1.2666
10/14/2014,1.2646
10/13/2014,1.2679
10/10/2014,1.2638
10/9/2014,1.2763
10/8/2014,1.2645
10/7/2014,1.2607
10/6/2014,1.2565
10/3/2014,1.2616
10/2/2014,1.2631
10/1/2014,1.2603
9/30/2014,1.2583
9/29/2014,1.2701
9/26/2014,1.2732
9/25/2014,1.2712
9/24/2014,1.2826
9/23/2014,1.2892
9/22/2014,1.2845
9/19/2014,1.2852
9/18/2014,1.2872
9/17/2014,1.2956
9/16/2014,1.2949
9/15/2014,1.2911
9/12/2014,1.2931
9/11/2014,1.2928
9/10/2014,1.2929
9/9/2014,1.2902
9/8/2014,1.2947
9/5/2014,1.2948
9/4/2014,1.3015
9/3/2014,1.3151
9/2/2014,1.3115
9/1/2014,1.3133
8/29/2014,1.3188
8/28/2014,1.3178
8/27/2014,1.3177
8/26/2014,1.3192
8/25/2014,1.32
8/22/2014,1.3267
8/21/2014,1.3262
8/20/2014,1.3284
8/19/2014,1.3354
8/18/2014,1.3383
8/15/2014,1.3388
8/14/2014,1.3373
8/13/2014,1.336
8/12/2014,1.3346
8/11/2014,1.3386
8/8/2014,1.3388
8/7/2014,1.3368
8/6/2014,1.3345
8/5/2014,1.3382
8/4/2014,1.3422
8/1/2014,1.3395
7/31/2014,1.3379
7/30/2014,1.3401
7/29/2014,1.3429
7/28/2014,1.3433
7/25/2014,1.344
7/24/2014,1.3472
7/23/2014,1.3465
7/22/2014,1.3481
7/21/2014,1.3518
7/18/2014,1.3525
7/17/2014,1.3525
7/16/2014,1.3532
7/15/2014,1.3613
7/14/2014,1.3627
7/11/2014,1.3595
7/10/2014,1.3604
7/9/2014,1.3603
7/8/2014,1.3589
7/7/2014,1.3592
7/4/2014,1.3588
7/3/2014,1.3646
7/2/2014,1.3656
7/1/2014,1.3688
6/30/2014,1.3658
6/27/2014,1.362
6/26/2014,1.3606
6/25/2014,1.3615
6/24/2014,1.3618
6/23/2014,1.3596
6/20/2014,1.3588
6/19/2014,1.362
6/18/2014,1.3563
6/17/2014,1.3568
6/16/2014,1.3532
6/13/2014,1.3534
6/12/2014,1.3528
6/11/2014,1.3547
6/10/2014,1.3547
6/9/2014,1.3608
6/6/2014,1.3642
6/5/2014,1.3567
6/4/2014,1.3627
6/3/2014,1.3645
6/2/2014,1.3611
5/30/2014,1.3607
5/29/2014,1.3612
5/28/2014,1.3608
5/27/2014,1.3638
5/26/2014,1.3635
5/23/2014,1.363
5/22/2014,1.3668
5/21/2014,1.3676
5/20/2014,1.3702
5/19/2014,1.3715
5/16/2014,1.3696
5/15/2014,1.3659
5/14/2014,1.3719
5/13/2014,1.3703
5/12/2014,1.3765
5/9/2014,1.3781
5/8/2014,1.3953
5/7/2014,1.3927
5/6/2014,1.3945
5/5/2014,1.3874
5/2/2014,1.3862
4/30/2014,1.385
4/29/2014,1.3826
4/28/2014,1.3861
4/25/2014,1.3831
4/24/2014,1.382
4/23/2014,1.3834
4/22/2014,1.3817
4/17/2014,1.3855
4/16/2014,1.384
4/15/2014,1.3803
4/14/2014,1.3827
4/11/2014,1.3872
4/10/2014,1.3867
4/9/2014,1.3794
4/8/2014,1.3774
4/7/2014,1.3723
4/4/2014,1.37
4/3/2014,1.3771
4/2/2014,1.3795
4/1/2014,1.379
3/31/2014,1.3788
3/28/2014,1.3759
3/27/2014,1.3758
3/26/2014,1.3791
3/25/2014,1.3789
3/24/2014,1.3774
3/21/2014,1.378
3/20/2014,1.3762
3/19/2014,1.3913
3/18/2014,1.3902
3/17/2014,1.3906
3/14/2014,1.3884
3/13/2014,1.3942
3/12/2014,1.3887
3/11/2014,1.385
3/10/2014,1.3881
3/7/2014,1.3894
3/6/2014,1.3745
3/5/2014,1.3732
3/4/2014,1.3768
3/3/2014,1.3768
2/28/2014,1.3813
2/27/2014,1.3656
2/26/2014,1.3726
2/25/2014,1.3754
2/24/2014,1.3735
2/21/2014,1.3707
2/20/2014,1.3706
2/19/2014,1.3745
2/18/2014,1.3731
2/17/2014,1.3699
2/14/2014,1.3707
2/13/2014,1.3675
2/12/2014,1.3573
2/11/2014,1.3676
2/10/2014,1.3638
2/7/2014,1.3574
2/6/2014,1.3495
2/5/2014,1.3543
2/4/2014,1.3519
2/3/2014,1.3498
1/31/2014,1.3516
1/30/2014,1.3574
1/29/2014,1.3608
1/28/2014,1.3649
1/27/2014,1.3658
1/24/2014,1.3687
1/23/2014,1.3639
1/22/2014,1.3566
1/21/2014,1.3526
1/20/2014,1.3566
1/17/2014,1.3584
1/16/2014,1.3597
1/15/2014,1.3606
1/14/2014,1.3667
1/13/2014,1.3654
1/10/2014,1.3587
1/9/2014,1.3612
1/8/2014,1.3594
1/7/2014,1.3641
1/6/2014,1.3602
1/3/2014,1.3634
1/2/2014,1.3658
12/31/2013,1.3791
12/30/2013,1.3783
12/27/2013,1.3814
12/24/2013,1.3684
12/23/2013,1.3702
12/20/2013,1.3655
12/19/2013,1.3667
12/18/2013,1.3749
12/17/2013,1.3749
12/16/2013,1.3776
12/13/2013,1.3727
12/12/2013,1.3775
12/11/2013,1.3767
12/10/2013,1.375
12/9/2013,1.3722
12/6/2013,1.3661
12/5/2013,1.3594
12/4/2013,1.3592
12/3/2013,1.3578
12/2/2013,1.3536
11/29/2013,1.3611
11/28/2013,1.3592
11/27/2013,1.3596
11/26/2013,1.3547
11/25/2013,1.3514
11/22/2013,1.3518
11/21/2013,1.3472
11/20/2013,1.3527
11/19/2013,1.3502
11/18/2013,1.3517
11/15/2013,1.346
11/14/2013,1.3436
11/13/2013,1.3415
11/12/2013,1.3432
11/11/2013,1.3394
11/8/2013,1.3431
11/7/2013,1.3365
11/6/2013,1.3517
11/5/2013,1.3494
11/4/2013,1.3506
11/1/2013,1.3505
10/31/2013,1.3641
10/30/2013,1.3755
10/29/2013,1.3768
10/28/2013,1.3784
10/25/2013,1.3777
10/24/2013,1.3805
10/23/2013,1.3752
10/22/2013,1.3674
10/21/2013,1.3667
10/18/2013,1.3684
10/17/2013,1.3662
10/16/2013,1.3561
10/15/2013,1.3493
10/14/2013,1.3564
10/11/2013,1.3566
10/10/2013,1.3532
10/9/2013,1.3515
10/8/2013,1.3576
10/7/2013,1.3572
10/4/2013,1.3593
10/3/2013,1.3594
10/2/2013,1.3515
10/1/2013,1.3554
9/30/2013,1.3505
9/27/2013,1.3537
9/26/2013,1.3499
9/25/2013,1.3504
9/24/2013,1.3473
9/23/2013,1.3508
9/20/2013,1.3514
9/19/2013,1.3545
9/18/2013,1.3352
9/17/2013,1.3356
9/16/2013,1.3357
9/13/2013,1.3295
9/12/2013,1.329
9/11/2013,1.3268
9/10/2013,1.324
9/9/2013,1.3194
9/6/2013,1.3117
9/5/2013,1.3202
9/4/2013,1.3171
9/3/2013,1.3172
9/2/2013,1.3207
8/30/2013,1.3235
8/29/2013,1.3266
8/28/2013,1.3347
8/27/2013,1.3338
8/26/2013,1.3361
8/23/2013,1.3355
8/22/2013,1.3323
8/21/2013,1.3384
8/20/2013,1.3392
8/19/2013,1.3344
8/16/2013,1.334
8/15/2013,1.3297
8/14/2013,1.3243
8/13/2013,1.329
8/12/2013,1.328
8/9/2013,1.3373
8/8/2013,1.336
8/7/2013,1.3305
8/6/2013,1.328
8/5/2013,1.3257
8/2/2013,1.3203
8/1/2013,1.3236
7/31/2013,1.3275
7/30/2013,1.3284
7/29/2013,1.327
7/26/2013,1.326
7/25/2013,1.3202
7/24/2013,1.3246
7/23/2013,1.318
7/22/2013,1.3166
7/19/2013,1.3123
7/18/2013,1.3093
7/17/2013,1.3136
7/16/2013,1.3118
7/15/2013,1.3012
7/12/2013,1.3034
7/11/2013,1.3044
7/10/2013,1.2813
7/9/2013,1.2857
7/8/2013,1.285
7/5/2013,1.2883
7/4/2013,1.2984
7/3/2013,1.2959
7/2/2013,1.3017
7/1/2013,1.3037
6/28/2013,1.308
6/27/2013,1.3032
6/26/2013,1.3024
6/25/2013,1.3134
6/24/2013,1.3086
6/21/2013,1.318
6/20/2013,1.32
6/19/2013,1.3406
6/18/2013,1.3374
6/17/2013,1.3337
6/14/2013,1.3303
6/13/2013,1.3315
6/12/2013,1.3277
6/11/2013,1.3273
6/10/2013,1.3209
6/7/2013,1.326
6/6/2013,1.3118
6/5/2013,1.3067
6/4/2013,1.3092
6/3/2013,1.3008
5/31/2013,1.3006
5/30/2013,1.2944
5/29/2013,1.2952
5/28/2013,1.2938
5/27/2013,1.2939
5/24/2013,1.2939
5/23/2013,1.2888
5/22/2013,1.2923
5/21/2013,1.2866
5/20/2013,1.2853
5/17/2013,1.2869
5/16/2013,1.289
5/15/2013,1.2864
5/14/2013,1.2977
5/13/2013,1.2973
5/10/2013,1.2988
5/9/2013,1.3142
5/8/2013,1.3135
5/7/2013,1.3107
5/6/2013,1.3107
5/3/2013,1.3114
5/2/2013,1.3191
4/30/2013,1.3072
4/29/2013,1.3113
4/26/2013,1.2999
4/25/2013,1.308
4/24/2013,1.3006
4/23/2013,1.299
4/22/2013,1.3037
4/19/2013,1.3115
4/18/2013,1.3045
4/17/2013,1.3129
4/16/2013,1.3129
4/15/2013,1.3081
4/12/2013,1.3052
4/11/2013,1.3119
4/10/2013,1.3086
4/9/2013,1.304
4/8/2013,1.3023
4/5/2013,1.2944
4/4/2013,1.2818
4/3/2013,1.2828
4/2/2013,1.284
3/28/2013,1.2805
3/27/2013,1.2768
3/26/2013,1.2861
3/25/2013,1.2935
3/22/2013,1.2948
3/21/2013,1.291
3/20/2013,1.2945
3/19/2013,1.2944
3/18/2013,1.2929
3/15/2013,1.3086
3/14/2013,1.2937
3/13/2013,1.2981
3/12/2013,1.3053
3/11/2013,1.2994
3/8/2013,1.309
3/7/2013,1.301
3/6/2013,1.3035
3/5/2013,1.3034
3/4/2013,1.3007
3/1/2013,1.3
2/28/2013,1.3129
2/27/2013,1.3097
2/26/2013,1.3077
2/25/2013,1.3304
2/22/2013,1.3186
2/21/2013,1.3186
2/20/2013,1.337
2/19/2013,1.3349
2/18/2013,1.3352
2/15/2013,1.3325
2/14/2013,1.3327
2/13/2013,1.348
2/12/2013,1.3438
2/11/2013,1.3391
2/8/2013,1.3374
2/7/2013,1.3546
2/6/2013,1.3517
2/5/2013,1.3537
2/4/2013,1.3552
2/1/2013,1.3644
1/31/2013,1.355
1/30/2013,1.3541
1/29/2013,1.3433
1/28/2013,1.3444
1/25/2013,1.3469
1/24/2013,1.3349
1/23/2013,1.333
1/22/2013,1.3317
1/21/2013,1.3323
1/18/2013,1.3324
1/17/2013,1.3368
1/16/2013,1.3277
1/15/2013,1.3327
1/14/2013,1.3341
1/11/2013,1.3274
1/10/2013,1.3113
1/9/2013,1.3056
1/8/2013,1.3086
1/7/2013,1.3039
1/4/2013,1.3012
1/3/2013,1.3102
1/2/2013,1.3262
12/31/2012,1.3194
12/28/2012,1.3183
12/27/2012,1.3266
12/24/2012,1.3218
12/21/2012,1.3209
12/20/2012,1.3246
12/19/2012,1.3302
12/18/2012,1.3178
12/17/2012,1.316
12/14/2012,1.3081
12/13/2012,1.3077
12/12/2012,1.304
12/11/2012,1.2993
12/10/2012,1.293
12/7/2012,1.2905
12/6/2012,1.3072
12/5/2012,1.3065
12/4/2012,1.3092
12/3/2012,1.3057
11/30/2012,1.2986
11/29/2012,1.2994
11/28/2012,1.2891
11/27/2012,1.2961
11/26/2012,1.2964
11/23/2012,1.2909
11/22/2012,1.2893
11/21/2012,1.2805
11/20/2012,1.2809
11/19/2012,1.2762
11/16/2012,1.2745
11/15/2012,1.2756
11/14/2012,1.2726
11/13/2012,1.2696
11/12/2012,1.2735
11/9/2012,1.2694
11/8/2012,1.2736
11/7/2012,1.2746
11/6/2012,1.28
11/5/2012,1.2777
11/2/2012,1.285
11/1/2012,1.2975
10/31/2012,1.2993
10/30/2012,1.2962
10/29/2012,1.2898
10/26/2012,1.2908
10/25/2012,1.2993
10/24/2012,1.2942
10/23/2012,1.3005
10/22/2012,1.3063
10/19/2012,1.3035
10/18/2012,1.3118
10/17/2012,1.312
10/16/2012,1.3046
10/15/2012,1.2971
10/12/2012,1.297
10/11/2012,1.2918
10/10/2012,1.2889
10/9/2012,1.2953
10/8/2012,1.2958
10/5/2012,1.3002
10/4/2012,1.2951
10/3/2012,1.2904
10/2/2012,1.293
10/1/2012,1.2877
9/28/2012,1.293
9/27/2012,1.2874
9/26/2012,1.2845
9/25/2012,1.2932
9/24/2012,1.2916
9/21/2012,1.2988
9/20/2012,1.2954
9/19/2012,1.3002
9/18/2012,1.3054
9/17/2012,1.3086
9/14/2012,1.3095
9/13/2012,1.291
9/12/2012,1.2896
9/11/2012,1.2787
9/10/2012,1.2776
9/7/2012,1.2706
9/6/2012,1.2638
9/5/2012,1.2578
9/4/2012,1.2579
9/3/2012,1.2568
8/31/2012,1.2611
8/30/2012,1.2544
8/29/2012,1.2545
8/28/2012,1.2548
8/27/2012,1.253
8/24/2012,1.2507
8/23/2012,1.2552
8/22/2012,1.2448
8/21/2012,1.2428
8/20/2012,1.23
8/17/2012,1.2337
8/16/2012,1.2279
8/15/2012,1.2276
8/14/2012,1.2352
8/13/2012,1.2339
8/10/2012,1.2262
8/9/2012,1.2301
8/8/2012,1.2336
8/7/2012,1.2436
8/6/2012,1.2379
8/3/2012,1.2245
8/2/2012,1.2346
8/1/2012,1.2298
7/31/2012,1.2284
7/30/2012,1.2246
7/27/2012,1.2317
7/26/2012,1.226
7/25/2012,1.2134
7/24/2012,1.2089
7/23/2012,1.2105
7/20/2012,1.22
7/19/2012,1.2287
7/18/2012,1.2234
7/17/2012,1.2281
7/16/2012,1.2177
7/13/2012,1.2185
7/12/2012,1.2178
7/11/2012,1.226
7/10/2012,1.2285
7/9/2012,1.2293
7/6/2012,1.2377
7/5/2012,1.2426
7/4/2012,1.256
7/3/2012,1.2575
7/2/2012,1.2593
6/29/2012,1.259
6/28/2012,1.2418
6/27/2012,1.2478
6/26/2012,1.2475
6/25/2012,1.2488
6/22/2012,1.2539
6/21/2012,1.267
6/20/2012,1.2704
6/19/2012,1.2619
6/18/2012,1.2618
6/15/2012,1.2596
6/14/2012,1.2551
6/13/2012,1.2534
6/12/2012,1.2492
6/11/2012,1.2544
6/8/2012,1.2468
6/7/2012,1.2595
6/6/2012,1.2485
6/5/2012,1.2429
6/4/2012,1.2437
6/1/2012,1.2322
5/31/2012,1.2403
5/30/2012,1.2438
5/29/2012,1.2523
5/28/2012,1.2566
5/25/2012,1.2546
5/24/2012,1.2557
5/23/2012,1.2659
5/22/2012,1.2768
5/21/2012,1.275
5/18/2012,1.2721
5/17/2012,1.2682
5/16/2012,1.2738
5/15/2012,1.2843
5/14/2012,1.2863
5/11/2012,1.2944
5/10/2012,1.2961
5/9/2012,1.295
5/8/2012,1.3025
5/7/2012,1.3033
5/4/2012,1.3132
5/3/2012,1.3123
5/2/2012,1.3131
4/30/2012,1.3214
4/27/2012,1.3229
4/26/2012,1.3215
4/25/2012,1.3206
4/24/2012,1.3161
4/23/2012,1.3131
4/20/2012,1.3192
4/19/2012,1.3086
4/18/2012,1.3093
4/17/2012,1.3132
4/16/2012,1.3024
4/13/2012,1.3148
4/12/2012,1.3153
4/11/2012,1.3131
4/10/2012,1.3114
4/5/2012,1.3068
4/4/2012,1.3142
4/3/2012,1.3315
4/2/2012,1.3319
3/30/2012,1.3356
3/29/2012,1.3272
3/28/2012,1.3337
3/27/2012,1.3333
3/26/2012,1.3276
3/23/2012,1.3242
3/22/2012,1.3167
3/21/2012,1.3225
3/20/2012,1.3198
3/19/2012,1.315
3/16/2012,1.3116
3/15/2012,1.3057
3/14/2012,1.3062
3/13/2012,1.3057
3/12/2012,1.3119
3/9/2012,1.3191
3/8/2012,1.3242
3/7/2012,1.312
3/6/2012,1.3153
3/5/2012,1.322
3/2/2012,1.3217
3/1/2012,1.3312
2/29/2012,1.3443
2/28/2012,1.3454
2/27/2012,1.3388
2/24/2012,1.3412
2/23/2012,1.33
2/22/2012,1.323
2/21/2012,1.3222
2/20/2012,1.3266
2/17/2012,1.3159
2/16/2012,1.2982
2/15/2012,1.3092
2/14/2012,1.3169
2/13/2012,1.3254
2/10/2012,1.3189
2/9/2012,1.3288
2/8/2012,1.3274
2/7/2012,1.3113
2/6/2012,1.3042
2/3/2012,1.316
2/2/2012,1.3094
2/1/2012,1.3175
1/31/2012,1.3176
1/30/2012,1.311
1/27/2012,1.3145
1/26/2012,1.3145
1/25/2012,1.2942
1/24/2012,1.3003
1/23/2012,1.3017
1/20/2012,1.2902
1/19/2012,1.2911
1/18/2012,1.2831
1/17/2012,1.279
1/16/2012,1.2669
1/13/2012,1.2771
1/12/2012,1.2736
1/11/2012,1.2718
1/10/2012,1.2808
1/9/2012,1.2728
1/6/2012,1.2776
1/5/2012,1.2832
1/4/2012,1.2948
1/3/2012,1.3014
1/2/2012,1.2935
12/30/2011,1.2939
12/29/2011,1.2889
12/28/2011,1.3074
12/27/2011,1.3069
12/23/2011,1.3057
12/22/2011,1.3047
12/21/2011,1.3054
12/20/2011,1.3074
12/19/2011,1.3039
12/16/2011,1.3064
12/15/2011,1.3019
12/14/2011,1.2993
12/13/2011,1.3181
12/12/2011,1.3251
12/9/2011,1.3384
12/8/2011,1.341
12/7/2011,1.3377
12/6/2011,1.3394
12/5/2011,1.3442
12/2/2011,1.3511
12/1/2011,1.3492
11/30/2011,1.3418
11/29/2011,1.3336
11/28/2011,1.3348
11/25/2011,1.3229
11/24/2011,1.3373
11/23/2011,1.3387
11/22/2011,1.3535
11/21/2011,1.3458
11/18/2011,1.3576
11/17/2011,1.348
11/16/2011,1.3484
11/15/2011,1.3532
11/14/2011,1.3659
11/11/2011,1.365
11/10/2011,1.3616
11/9/2011,1.3633
11/8/2011,1.3788
11/7/2011,1.3742
11/4/2011,1.3773
11/3/2011,1.3773
11/2/2011,1.3809
11/1/2011,1.3627
10/31/2011,1.4001
10/28/2011,1.416
10/27/2011,1.4038
10/26/2011,1.3927
10/25/2011,1.3918
10/24/2011,1.3856
10/21/2011,1.3798
10/20/2011,1.3807
10/19/2011,1.3828
10/18/2011,1.3676
10/17/2011,1.3776
10/14/2011,1.3807
10/13/2011,1.3727
10/12/2011,1.3766
10/11/2011,1.3607
10/10/2011,1.3593
10/7/2011,1.3434
10/6/2011,1.3269
10/5/2011,1.3337
10/4/2011,1.3181
10/3/2011,1.3327
9/30/2011,1.3503
9/29/2011,1.3615
9/28/2011,1.3631
9/27/2011,1.3579
9/26/2011,1.35
9/23/2011,1.343
9/22/2011,1.3448
9/21/2011,1.3636
9/20/2011,1.371
9/19/2011,1.3641
9/16/2011,1.376
9/15/2011,1.3795
9/14/2011,1.3729
9/13/2011,1.3645
9/12/2011,1.3656
9/9/2011,1.3817
9/8/2011,1.4044
9/7/2011,1.4036
9/6/2011,1.4099
9/5/2011,1.4126
9/2/2011,1.4255
9/1/2011,1.4285
8/31/2011,1.445
8/30/2011,1.4402
8/29/2011,1.4487
8/26/2011,1.4402
8/25/2011,1.4424
8/24/2011,1.4433
8/23/2011,1.4462
8/22/2011,1.4413
8/19/2011,1.4385
8/18/2011,1.4369
8/17/2011,1.4477
8/16/2011,1.436
8/15/2011,1.4309
8/12/2011,1.425
8/11/2011,1.4143
8/10/2011,1.4367
8/9/2011,1.4267
8/8/2011,1.4225
8/5/2011,1.4155
8/4/2011,1.4229
8/3/2011,1.43
8/2/2011,1.417
8/1/2011,1.4415
7/29/2011,1.426
7/28/2011,1.426
7/27/2011,1.4446
7/26/2011,1.4471
7/25/2011,1.438
7/22/2011,1.4391
7/21/2011,1.4222
7/20/2011,1.4207
7/19/2011,1.416
7/18/2011,1.4045
7/15/2011,1.4146
7/14/2011,1.4202
7/13/2011,1.4073
7/12/2011,1.3975
7/11/2011,1.4056
7/8/2011,1.4242
7/7/2011,1.4247
7/6/2011,1.4318
7/5/2011,1.4461
7/4/2011,1.45
7/1/2011,1.4488
6/30/2011,1.4453
6/29/2011,1.4425
6/28/2011,1.4261
6/27/2011,1.4205
6/24/2011,1.422
6/23/2011,1.4212
6/22/2011,1.4397
6/21/2011,1.4373
6/20/2011,1.4235
6/17/2011,1.427
6/16/2011,1.4088
6/15/2011,1.4292
6/14/2011,1.4448
6/13/2011,1.4354
6/10/2011,1.4486
6/9/2011,1.4614
6/8/2011,1.4608
6/7/2011,1.4652
6/6/2011,1.4596
6/3/2011,1.4488
6/2/2011,1.446
6/1/2011,1.4408
5/31/2011,1.4385
5/30/2011,1.4272
5/27/2011,1.4265
5/26/2011,1.4168
5/25/2011,1.4069
5/24/2011,1.4089
5/23/2011,1.402
5/20/2011,1.4237
5/19/2011,1.4265
5/18/2011,1.4227
5/17/2011,1.4171
5/16/2011,1.4143
5/13/2011,1.428
5/12/2011,1.4153
5/11/2011,1.4357
5/10/2011,1.4358
5/9/2011,1.4397
5/6/2011,1.4501
5/5/2011,1.4814
5/4/2011,1.4882
5/3/2011,1.478
5/2/2011,1.4837
4/29/2011,1.486
4/28/2011,1.4794
4/27/2011,1.4668
4/26/2011,1.4617
4/21/2011,1.4584
4/20/2011,1.4515
4/19/2011,1.4302
4/18/2011,1.4275
4/15/2011,1.445
4/14/2011,1.4401
4/13/2011,1.4493
4/12/2011,1.447
4/11/2011,1.4434
4/8/2011,1.4401
4/7/2011,1.4283
4/6/2011,1.43
4/5/2011,1.4166
4/4/2011,1.424
4/1/2011,1.4141
3/31/2011,1.4207
3/30/2011,1.409
3/29/2011,1.4066
3/28/2011,1.4032
3/25/2011,1.4115
3/24/2011,1.4128
3/23/2011,1.4136
3/22/2011,1.4211
3/21/2011,1.4194
3/18/2011,1.413
3/17/2011,1.4004
3/16/2011,1.3951
3/15/2011,1.3884
3/14/2011,1.3948
3/11/2011,1.3773
3/10/2011,1.3817
3/9/2011,1.3928
3/8/2011,1.3898
3/7/2011,1.4028
3/4/2011,1.3957
3/3/2011,1.385
3/2/2011,1.3809
3/1/2011,1.3825
2/28/2011,1.3834
2/25/2011,1.3762
2/24/2011,1.3773
2/23/2011,1.3731
2/22/2011,1.3667
2/21/2011,1.3668
2/18/2011,1.3627
2/17/2011,1.356
2/16/2011,1.351
2/15/2011,1.351
2/14/2011,1.344
2/11/2011,1.3524
2/10/2011,1.3604
2/9/2011,1.3647
2/8/2011,1.3635
2/7/2011,1.3553
2/4/2011,1.3631
2/3/2011,1.3745
2/2/2011,1.3803
2/1/2011,1.3755
1/31/2011,1.3692
1/28/2011,1.371
1/27/2011,1.3716
1/26/2011,1.3681
1/25/2011,1.3596
1/24/2011,1.3571
1/21/2011,1.3521
1/20/2011,1.3472
1/19/2011,1.3506
1/18/2011,1.3371
1/17/2011,1.3311
1/14/2011,1.3349
1/13/2011,1.3199
1/12/2011,1.2973
1/11/2011,1.2948
1/10/2011,1.2903
1/7/2011,1.2961
1/6/2011,1.3091
1/5/2011,1.3213
1/4/2011,1.3421
1/3/2011,1.3348
12/31/2010,1.3362
12/30/2010,1.328
12/29/2010,1.3136
12/28/2010,1.3195
12/27/2010,1.3136
12/24/2010,1.3099
12/23/2010,1.3064
12/22/2010,1.3112
12/21/2010,1.3155
12/20/2010,1.3147
12/17/2010,1.326
12/16/2010,1.3238
12/15/2010,1.336
12/14/2010,1.3435
12/13/2010,1.3267
12/10/2010,1.3244
12/9/2010,1.3214
12/8/2010,1.32
12/7/2010,1.3363
12/6/2010,1.328
12/3/2010,1.3246
12/2/2010,1.3155
12/1/2010,1.3115
11/30/2010,1.2998
11/29/2010,1.3146
11/26/2010,1.3225
11/25/2010,1.3321
11/24/2010,1.3339
11/23/2010,1.3496
11/22/2010,1.3647
11/19/2010,1.3674
11/18/2010,1.3647
11/17/2010,1.3481
11/16/2010,1.3612
11/15/2010,1.3626
11/12/2010,1.3711
11/11/2010,1.37
11/10/2010,1.377
11/9/2010,1.3945
11/8/2010,1.3917
11/5/2010,1.4084
11/4/2010,1.4244
11/3/2010,1.4014
11/2/2010,1.4018
11/1/2010,1.3926
10/29/2010,1.3857
10/28/2010,1.3857
10/27/2010,1.3803
10/26/2010,1.3912
10/25/2010,1.4031
10/22/2010,1.3934
10/21/2010,1.4016
10/20/2010,1.3861
10/19/2010,1.3859
10/18/2010,1.3896
10/15/2010,1.4089
10/14/2010,1.4101
10/13/2010,1.3958
10/12/2010,1.3833
10/11/2010,1.3936
10/8/2010,1.3874
10/7/2010,1.397
10/6/2010,1.3856
10/5/2010,1.378
10/4/2010,1.3705
10/1/2010,1.3726
9/30/2010,1.3648
9/29/2010,1.3611
9/28/2010,1.346
9/27/2010,1.3477
9/24/2010,1.3412
9/23/2010,1.3323
9/22/2010,1.3364
9/21/2010,1.312
9/20/2010,1.3074
9/17/2010,1.306
9/16/2010,1.3078
9/15/2010,1.2989
9/14/2010,1.285
9/13/2010,1.2801
9/10/2010,1.2725
9/9/2010,1.2715
9/8/2010,1.2697
9/7/2010,1.2744
9/6/2010,1.2874
9/3/2010,1.2834
9/2/2010,1.2818
9/1/2010,1.28
8/31/2010,1.268
8/30/2010,1.27
8/27/2010,1.2713
8/26/2010,1.2693
8/25/2010,1.2613
8/24/2010,1.2611
8/23/2010,1.2704
8/20/2010,1.2711
8/19/2010,1.2836
8/18/2010,1.288
8/17/2010,1.286
8/16/2010,1.282
8/13/2010,1.2799
8/12/2010,1.279
8/11/2010,1.3016
8/10/2010,1.3133
8/9/2010,1.3253
8/6/2010,1.3176
8/5/2010,1.3184
8/4/2010,1.3206
8/3/2010,1.3221
8/2/2010,1.3073
7/30/2010,1.3028
7/29/2010,1.3069
7/28/2010,1.2992
7/27/2010,1.3033
7/26/2010,1.2931
7/23/2010,1.2897
7/22/2010,1.285
7/21/2010,1.2817
7/20/2010,1.2844
7/19/2010,1.2957
7/16/2010,1.3
7/15/2010,1.2828
7/14/2010,1.2703
7/13/2010,1.2569
7/12/2010,1.2572
7/9/2010,1.2637
7/8/2010,1.266
7/7/2010,1.2567
7/6/2010,1.2579
7/5/2010,1.2531
7/2/2010,1.2548
7/1/2010,1.2328
6/30/2010,1.2271
6/29/2010,1.2198
6/28/2010,1.2339
6/25/2010,1.2294
6/24/2010,1.2262
6/23/2010,1.2271
6/22/2010,1.2258
6/21/2010,1.2391
6/18/2010,1.2372
6/17/2010,1.2363
6/16/2010,1.2277
6/15/2010,1.2258
6/14/2010,1.2249
6/11/2010,1.2127
6/10/2010,1.2045
6/9/2010,1.201
6/8/2010,1.1942
6/7/2010,1.1959
6/4/2010,1.206
6/3/2010,1.2268
6/2/2010,1.2218
6/1/2010,1.2155
5/31/2010,1.2307
5/28/2010,1.2384
5/27/2010,1.2255
5/26/2010,1.2309
5/25/2010,1.2223
5/24/2010,1.236
5/21/2010,1.2497
5/20/2010,1.2334
5/19/2010,1.227
5/18/2010,1.2428
5/17/2010,1.2349
5/14/2010,1.2492
5/13/2010,1.2587
5/12/2010,1.2686
5/11/2010,1.2698
5/10/2010,1.2969
5/7/2010,1.2746
5/6/2010,1.2727
5/5/2010,1.2924
5/4/2010,1.3089
5/3/2010,1.3238
4/30/2010,1.3315
4/29/2010,1.3256
4/28/2010,1.3245
4/27/2010,1.329
4/26/2010,1.3321
4/23/2010,1.3311
4/22/2010,1.3339
4/21/2010,1.3373
4/20/2010,1.3486
4/19/2010,1.3432
4/16/2010,1.3535
4/15/2010,1.3544
4/14/2010,1.3615
4/13/2010,1.3583
4/12/2010,1.3585
4/9/2010,1.3384
4/8/2010,1.3296
4/7/2010,1.334
4/6/2010,1.3396
4/1/2010,1.3468
3/31/2010,1.3479
3/30/2010,1.3482
3/29/2010,1.3471
3/26/2010,1.3353
3/25/2010,1.3356
3/24/2010,1.3338
3/23/2010,1.3519
3/22/2010,1.3471
3/19/2010,1.3548
3/18/2010,1.366
3/17/2010,1.3756
3/16/2010,1.3723
3/15/2010,1.3705
3/12/2010,1.3765
3/11/2010,1.3657
3/10/2010,1.361
3/9/2010,1.3557
3/8/2010,1.3662
3/5/2010,1.3582
3/4/2010,1.3668
3/3/2010,1.3641
3/2/2010,1.3548
3/1/2010,1.3525
2/26/2010,1.357
2/25/2010,1.3489
2/24/2010,1.3547
2/23/2010,1.3577
2/22/2010,1.3626
2/19/2010,1.3519
2/18/2010,1.3567
2/17/2010,1.3726
2/16/2010,1.3649
2/15/2010,1.3607
2/12/2010,1.3572
2/11/2010,1.3718
2/10/2010,1.374
2/9/2010,1.376
2/8/2010,1.3675
2/5/2010,1.3691
2/4/2010,1.3847
2/3/2010,1.3984
2/2/2010,1.3937
2/1/2010,1.3913
1/29/2010,1.3966
1/28/2010,1.3999
1/27/2010,1.4072
1/26/2010,1.4085
1/25/2010,1.4151
1/22/2010,1.4135
1/21/2010,1.4064
1/20/2010,1.4132
1/19/2010,1.4279
1/18/2010,1.4369
1/15/2010,1.4374
1/14/2010,1.4486
1/13/2010,1.4563
1/12/2010,1.4481
1/11/2010,1.4528
1/8/2010,1.4273
1/7/2010,1.4304
1/6/2010,1.435
1/5/2010,1.4442
1/4/2010,1.4389
12/31/2009,1.4406
12/30/2009,1.4338
12/29/2009,1.4433
12/28/2009,1.4405
12/24/2009,1.4398
12/23/2009,1.4276
12/22/2009,1.4279
12/21/2009,1.4368
12/18/2009,1.4337
12/17/2009,1.4343
12/16/2009,1.456
12/15/2009,1.4541
12/14/2009,1.4647
12/11/2009,1.4757
12/10/2009,1.473
12/9/2009,1.4768
12/8/2009,1.4774
12/7/2009,1.4787
12/4/2009,1.5068
12/3/2009,1.512
12/2/2009,1.509
12/1/2009,1.5074
11/30/2009,1.5023
11/27/2009,1.4918
11/26/2009,1.5071
11/25/2009,1.5083
11/24/2009,1.4969
11/23/2009,1.4968
11/20/2009,1.4815
11/19/2009,1.4863
11/18/2009,1.4957
11/17/2009,1.4875
11/16/2009,1.4965
11/13/2009,1.4868
11/12/2009,1.4922
11/11/2009,1.5037
11/10/2009,1.4966
11/9/2009,1.4984
11/6/2009,1.4862
11/5/2009,1.4867
11/4/2009,1.4761
11/3/2009,1.4658
11/2/2009,1.4772
10/30/2009,1.48
10/29/2009,1.4788
10/28/2009,1.4785
10/27/2009,1.4874
10/26/2009,1.5019
10/23/2009,1.502
10/22/2009,1.5
10/21/2009,1.4921
10/20/2009,1.4971
10/19/2009,1.4918
10/16/2009,1.4869
10/15/2009,1.4864
10/14/2009,1.4881
10/13/2009,1.4864
10/12/2009,1.4765
10/9/2009,1.475
10/8/2009,1.4763
10/7/2009,1.4694
10/6/2009,1.4722
10/5/2009,1.4616
10/2/2009,1.4537
10/1/2009,1.4539
9/30/2009,1.4643
9/29/2009,1.4549
9/28/2009,1.465
9/25/2009,1.467
9/24/2009,1.4768
9/23/2009,1.4783
9/22/2009,1.478
9/21/2009,1.4658
9/18/2009,1.4705
9/17/2009,1.4712
9/16/2009,1.4671
9/15/2009,1.4611
9/14/2009,1.4561
9/11/2009,1.4594
9/10/2009,1.4545
9/9/2009,1.4522
9/8/2009,1.4473
9/7/2009,1.433
9/4/2009,1.4262
9/3/2009,1.4335
9/2/2009,1.422
9/1/2009,1.4314
8/31/2009,1.4272
8/28/2009,1.4364
8/27/2009,1.4268
8/26/2009,1.427
8/25/2009,1.4324
8/24/2009,1.4323
8/21/2009,1.433
8/20/2009,1.4243
8/19/2009,1.4112
8/18/2009,1.4101
8/17/2009,1.4072
8/14/2009,1.4294
8/13/2009,1.4293
8/12/2009,1.417
8/11/2009,1.4166
8/10/2009,1.4202
8/7/2009,1.4357
8/6/2009,1.437
8/5/2009,1.441
8/4/2009,1.4384
8/3/2009,1.4303
7/31/2009,1.4138
7/30/2009,1.4053
7/29/2009,1.4104
7/28/2009,1.4229
7/27/2009,1.4269
7/24/2009,1.4227
7/23/2009,1.4229
7/22/2009,1.4191
7/21/2009,1.4223
7/20/2009,1.4217
7/17/2009,1.409
7/16/2009,1.413
7/15/2009,1.4089
7/14/2009,1.3991
7/13/2009,1.3975
7/10/2009,1.3901
7/9/2009,1.399
7/8/2009,1.3901
7/7/2009,1.4019
7/6/2009,1.3897
7/3/2009,1.4009
7/2/2009,1.4049
7/1/2009,1.4096
6/30/2009,1.4134
6/29/2009,1.4058
6/26/2009,1.4096
6/25/2009,1.394
6/24/2009,1.4029
6/23/2009,1.3978
6/22/2009,1.3858
6/19/2009,1.3932
6/18/2009,1.392
6/17/2009,1.384
6/16/2009,1.389
6/15/2009,1.385
6/12/2009,1.4004
6/11/2009,1.3969
6/10/2009,1.4102
6/9/2009,1.3959
6/8/2009,1.3866
6/5/2009,1.4177
6/4/2009,1.4095
6/3/2009,1.4207
6/2/2009,1.4238
6/1/2009,1.422
5/29/2009,1.4098
5/28/2009,1.3856
5/27/2009,1.3901
5/26/2009,1.3908
5/25/2009,1.401
5/22/2009,1.3972
5/21/2009,1.3771
5/20/2009,1.369
5/19/2009,1.3612
5/18/2009,1.3494
5/15/2009,1.3518
5/14/2009,1.3563
5/13/2009,1.3623
5/12/2009,1.3683
5/11/2009,1.3574
5/8/2009,1.3425
5/7/2009,1.3363
5/6/2009,1.3322
5/5/2009,1.3403
5/4/2009,1.3223
4/30/2009,1.3275
4/29/2009,1.3266
4/28/2009,1.2992
4/27/2009,1.3125
4/24/2009,1.3232
4/23/2009,1.305
4/22/2009,1.2947
4/21/2009,1.2932
4/20/2009,1.2966
4/17/2009,1.3058
4/16/2009,1.3196
4/15/2009,1.3173
4/14/2009,1.3276
4/9/2009,1.3273
4/8/2009,1.3231
4/7/2009,1.3255
4/6/2009,1.3496
4/3/2009,1.3425
4/2/2009,1.3392
4/1/2009,1.3246
3/31/2009,1.3308
3/30/2009,1.3193
3/27/2009,1.3295
3/26/2009,1.3607
3/25/2009,1.3494
3/24/2009,1.3507
3/23/2009,1.3558
3/20/2009,1.3549
3/19/2009,1.3671
3/18/2009,1.313
3/17/2009,1.2942
3/16/2009,1.3042
3/13/2009,1.2905
3/12/2009,1.2782
3/11/2009,1.2786
3/10/2009,1.2783
3/9/2009,1.2565
3/6/2009,1.2658
3/5/2009,1.2555
3/4/2009,1.2555
3/3/2009,1.2615
3/2/2009,1.2596
2/27/2009,1.2644
2/26/2009,1.2782
2/25/2009,1.2795
2/24/2009,1.2763
2/23/2009,1.2798
2/20/2009,1.2591
2/19/2009,1.2705
2/18/2009,1.2596
2/17/2009,1.2634
2/16/2009,1.2765
2/13/2009,1.2823
2/12/2009,1.2833
2/11/2009,1.2938
2/10/2009,1.2967
2/9/2009,1.3008
2/6/2009,1.2796
2/5/2009,1.2829
2/4/2009,1.2818
2/3/2009,1.2849
2/2/2009,1.276
1/30/2009,1.2816
1/29/2009,1.3111
1/28/2009,1.326
1/27/2009,1.3174
1/26/2009,1.299
1/23/2009,1.2795
1/22/2009,1.2984
1/21/2009,1.291
1/20/2009,1.293
1/19/2009,1.3182
1/16/2009,1.327
1/15/2009,1.3085
1/14/2009,1.3173
1/13/2009,1.3262
1/12/2009,1.3394
1/9/2009,1.3684
1/8/2009,1.3617
1/7/2009,1.3595
1/6/2009,1.3332
1/5/2009,1.3582
1/2/2009,1.3866
12/31/2008,1.3917
12/30/2008,1.4098
12/29/2008,1.427
12/24/2008,1.4005
12/23/2008,1.3978
12/22/2008,1.397
12/19/2008,1.394
12/18/2008,1.4616
12/17/2008,1.4059
12/16/2008,1.369
12/15/2008,1.351
12/12/2008,1.334
12/11/2008,1.3215
12/10/2008,1.2925
12/9/2008,1.2838
12/8/2008,1.2854
12/5/2008,1.2665
12/4/2008,1.262
12/3/2008,1.2623
12/2/2008,1.2697
12/1/2008,1.2608
11/28/2008,1.2727
11/27/2008,1.29
11/26/2008,1.2935
11/25/2008,1.2811
11/24/2008,1.2773
11/21/2008,1.2602
11/20/2008,1.2542
11/19/2008,1.2634
11/18/2008,1.2653
11/17/2008,1.266
11/14/2008,1.2675
11/13/2008,1.2525
11/12/2008,1.253
11/11/2008,1.2747
11/10/2008,1.2891
11/7/2008,1.2756
11/6/2008,1.277
11/5/2008,1.287
11/4/2008,1.282
11/3/2008,1.2822
10/31/2008,1.2757
10/30/2008,1.3035
10/29/2008,1.277
10/28/2008,1.2526
10/27/2008,1.246
10/24/2008,1.2596
10/23/2008,1.281
10/22/2008,1.2843
10/21/2008,1.3184
10/20/2008,1.3424
10/17/2008,1.3404
10/16/2008,1.3507
10/15/2008,1.3625
10/14/2008,1.3752
10/13/2008,1.3639
10/10/2008,1.3579
10/9/2008,1.3682
10/8/2008,1.3731
10/7/2008,1.3632
10/6/2008,1.3634
10/3/2008,1.3834
10/2/2008,1.3903
10/1/2008,1.4081
9/30/2008,1.4303
9/29/2008,1.4349
9/26/2008,1.464
9/25/2008,1.47
9/24/2008,1.469
9/23/2008,1.4731
9/22/2008,1.4571
9/19/2008,1.4236
9/18/2008,1.4502
9/17/2008,1.4224
9/16/2008,1.4267
9/15/2008,1.4151
9/12/2008,1.4066
9/11/2008,1.3934
9/10/2008,1.4094
9/9/2008,1.4144
9/8/2008,1.4214
9/5/2008,1.4247
9/4/2008,1.4488
9/3/2008,1.4441
9/2/2008,1.4516
9/1/2008,1.4621
8/29/2008,1.4735
8/28/2008,1.4771
8/27/2008,1.4767
8/26/2008,1.4598
8/25/2008,1.4767
8/22/2008,1.4808
8/21/2008,1.4814
8/20/2008,1.4734
8/19/2008,1.4677
8/18/2008,1.4704
8/15/2008,1.4729
8/14/2008,1.4907
8/13/2008,1.4903
8/12/2008,1.4907
8/11/2008,1.5012
8/8/2008,1.5074
8/7/2008,1.5471
8/6/2008,1.5478
8/5/2008,1.5487
8/4/2008,1.5566
8/1/2008,1.5574
7/31/2008,1.5611
7/30/2008,1.5589
7/29/2008,1.5705
7/28/2008,1.5746
7/25/2008,1.5734
7/24/2008,1.5677
7/23/2008,1.5741
7/22/2008,1.5919
7/21/2008,1.5858
7/18/2008,1.5816
7/17/2008,1.5849
7/16/2008,1.5888
7/15/2008,1.599
7/14/2008,1.5847
7/11/2008,1.5835
7/10/2008,1.5708
7/9/2008,1.5715
7/8/2008,1.5687
7/7/2008,1.5651
7/4/2008,1.5671
7/3/2008,1.5885
7/2/2008,1.5806
7/1/2008,1.5775
6/30/2008,1.5764
6/27/2008,1.5748
6/26/2008,1.5731
6/25/2008,1.5599
6/24/2008,1.5568
6/23/2008,1.5521
6/20/2008,1.561
6/19/2008,1.5481
6/18/2008,1.5493
6/17/2008,1.5477
6/16/2008,1.5459
6/13/2008,1.5336
6/12/2008,1.5417
6/11/2008,1.5515
6/10/2008,1.5526
6/9/2008,1.5784
6/6/2008,1.5597
6/5/2008,1.5402
6/4/2008,1.5466
6/3/2008,1.5593
6/2/2008,1.5521
5/30/2008,1.5508
5/29/2008,1.5551
5/28/2008,1.5656
5/27/2008,1.576
5/26/2008,1.5761
5/23/2008,1.5742
5/22/2008,1.5755
5/21/2008,1.5753
5/20/2008,1.5639
5/19/2008,1.5577
5/16/2008,1.5498
5/15/2008,1.5474
5/14/2008,1.5439
5/13/2008,1.5473
5/12/2008,1.543
5/9/2008,1.5458
5/8/2008,1.5347
5/7/2008,1.543
5/6/2008,1.5528
5/5/2008,1.546
5/2/2008,1.5458
4/30/2008,1.554
4/29/2008,1.5571
4/28/2008,1.5628
4/25/2008,1.5596
4/24/2008,1.5769
4/23/2008,1.594
4/22/2008,1.5931
4/21/2008,1.5898
4/18/2008,1.578
4/17/2008,1.5872
4/16/2008,1.5928
4/15/2008,1.5828
4/14/2008,1.5869
4/11/2008,1.5833
4/10/2008,1.5875
4/9/2008,1.5726
4/8/2008,1.5694
4/7/2008,1.5693
4/4/2008,1.5722
4/3/2008,1.5526
4/2/2008,1.5632
4/1/2008,1.566
3/31/2008,1.5812
3/28/2008,1.5796
3/27/2008,1.5786
3/26/2008,1.571
3/25/2008,1.5569
3/20/2008,1.5423
3/19/2008,1.5692
3/18/2008,1.5771
3/17/2008,1.577
3/14/2008,1.5561
3/13/2008,1.5577
3/12/2008,1.5477
3/11/2008,1.5379
3/10/2008,1.534
3/7/2008,1.5417
3/6/2008,1.5319
3/5/2008,1.5196
3/4/2008,1.5206
3/3/2008,1.5203
2/29/2008,1.5167
2/28/2008,1.5121
2/27/2008,1.5044
2/26/2008,1.4874
2/25/2008,1.4817
2/22/2008,1.4848
2/21/2008,1.4736
2/20/2008,1.4656
2/19/2008,1.4742
2/18/2008,1.4636
2/15/2008,1.4674
2/14/2008,1.4626
2/13/2008,1.4586
2/12/2008,1.4538
2/11/2008,1.4542
2/8/2008,1.4513
2/7/2008,1.4569
2/6/2008,1.4621
2/5/2008,1.4688
2/4/2008,1.4829
2/1/2008,1.4889
1/31/2008,1.487
1/30/2008,1.481
1/29/2008,1.4773
1/28/2008,1.4755
1/25/2008,1.4705
1/24/2008,1.4663
1/23/2008,1.4574
1/22/2008,1.4494
1/21/2008,1.4482
1/18/2008,1.4674
1/17/2008,1.4691
1/16/2008,1.4792
1/15/2008,1.4886
1/14/2008,1.4895
1/11/2008,1.4792
1/10/2008,1.4662
1/9/2008,1.468
1/8/2008,1.4705
1/7/2008,1.4723
1/4/2008,1.4727
1/3/2008,1.4753
1/2/2008,1.4688
12/31/2007,1.4721
12/28/2007,1.4692
12/27/2007,1.4516
12/24/2007,1.4398
12/21/2007,1.438
12/20/2007,1.4349
12/19/2007,1.4385
12/18/2007,1.4416
12/17/2007,1.4393
12/14/2007,1.4509
12/13/2007,1.4683
12/12/2007,1.4675
12/11/2007,1.4672
12/10/2007,1.4718
12/7/2007,1.4649
12/6/2007,1.4554
12/5/2007,1.472
12/4/2007,1.4741
12/3/2007,1.4666
11/30/2007,1.4761
11/29/2007,1.4738
11/28/2007,1.4747
11/27/2007,1.4874
11/26/2007,1.4845
11/23/2007,1.4809
11/22/2007,1.4829
11/21/2007,1.4814
11/20/2007,1.4785
11/19/2007,1.4654
11/16/2007,1.4651
11/15/2007,1.4639
11/14/2007,1.47
11/13/2007,1.4607
11/12/2007,1.4579
11/9/2007,1.4683
11/8/2007,1.4666
11/7/2007,1.4722
11/6/2007,1.4547
11/5/2007,1.4488
11/2/2007,1.4479
11/1/2007,1.4423
10/31/2007,1.4447
10/30/2007,1.4407
10/29/2007,1.4391
10/26/2007,1.4384
10/25/2007,1.4309
10/24/2007,1.423
10/23/2007,1.4254
10/22/2007,1.4166
10/19/2007,1.4288
10/18/2007,1.4299
10/17/2007,1.42
10/16/2007,1.415
10/15/2007,1.4226
10/12/2007,1.4173
10/11/2007,1.4199
10/10/2007,1.4146
10/9/2007,1.4037
10/8/2007,1.4089
10/5/2007,1.4136
10/4/2007,1.4109
10/3/2007,1.4195
10/2/2007,1.4165
10/1/2007,1.4232
9/28/2007,1.4179
9/27/2007,1.418
9/26/2007,1.4127
9/25/2007,1.4106
9/24/2007,1.4113
9/21/2007,1.4049
9/20/2007,1.403
9/19/2007,1.3975
9/18/2007,1.3867
9/17/2007,1.3877
9/14/2007,1.386
9/13/2007,1.3897
9/12/2007,1.3885
9/11/2007,1.3824
9/10/2007,1.3795
9/7/2007,1.3696
9/6/2007,1.3669
9/5/2007,1.3588
9/4/2007,1.358
9/3/2007,1.3632
8/31/2007,1.3705
8/30/2007,1.361
8/29/2007,1.3631
8/28/2007,1.3664
8/27/2007,1.3658
8/24/2007,1.3615
8/23/2007,1.3574
8/22/2007,1.3493
8/21/2007,1.3508
8/20/2007,1.3476
8/17/2007,1.3454
8/16/2007,1.3405
8/15/2007,1.3476
8/14/2007,1.3591
8/13/2007,1.3651
8/10/2007,1.365
8/9/2007,1.3729
8/8/2007,1.3794
8/7/2007,1.3794
8/6/2007,1.3818
8/3/2007,1.3694
8/2/2007,1.3664
8/1/2007,1.3663
7/31/2007,1.3707
7/30/2007,1.3659
7/27/2007,1.3651
7/26/2007,1.3722
7/25/2007,1.3743
7/24/2007,1.3833
7/23/2007,1.3821
7/20/2007,1.3803
7/19/2007,1.382
7/18/2007,1.3779
7/17/2007,1.3771
7/16/2007,1.3781
7/13/2007,1.3782
7/12/2007,1.3788
7/11/2007,1.3753
7/10/2007,1.3666
7/9/2007,1.3621
7/6/2007,1.3596
7/5/2007,1.364
7/4/2007,1.3618
7/3/2007,1.3601
7/2/2007,1.3588
6/29/2007,1.3505
6/28/2007,1.3467
6/27/2007,1.3438
6/26/2007,1.346
6/25/2007,1.3461
6/22/2007,1.3441
6/21/2007,1.3397
6/20/2007,1.3427
6/19/2007,1.3403
6/18/2007,1.3404
6/15/2007,1.3314
6/14/2007,1.3304
6/13/2007,1.3287
6/12/2007,1.3345
6/11/2007,1.3355
6/8/2007,1.3349
6/7/2007,1.347
6/6/2007,1.3513
6/5/2007,1.3532
6/4/2007,1.3482
6/1/2007,1.3436
5/31/2007,1.3453
5/30/2007,1.342
5/29/2007,1.3509
5/28/2007,1.3453
5/25/2007,1.3441
5/24/2007,1.3448
5/23/2007,1.349
5/22/2007,1.3454
5/21/2007,1.3444
5/18/2007,1.3477
5/17/2007,1.3516
5/16/2007,1.3574
5/15/2007,1.3538
5/14/2007,1.3549
5/11/2007,1.3486
5/10/2007,1.3527
5/9/2007,1.3535
5/8/2007,1.3558
5/7/2007,1.3615
5/4/2007,1.3561
5/3/2007,1.3613
5/2/2007,1.3588
4/30/2007,1.3605
4/27/2007,1.3643
4/26/2007,1.3596
4/25/2007,1.3649
4/24/2007,1.3582
4/23/2007,1.3557
4/20/2007,1.3606
4/19/2007,1.3601
4/18/2007,1.3577
4/17/2007,1.3549
4/16/2007,1.355
4/13/2007,1.3532
4/12/2007,1.3467
4/11/2007,1.3418
4/10/2007,1.3426
4/5/2007,1.3373
4/4/2007,1.3352
4/3/2007,1.3358
4/2/2007,1.3366
3/30/2007,1.3318
3/29/2007,1.3352
3/28/2007,1.3348
3/27/2007,1.3347
3/26/2007,1.3265
3/23/2007,1.3327
3/22/2007,1.3351
3/21/2007,1.3293
3/20/2007,1.3296
3/19/2007,1.3303
3/16/2007,1.3325
3/15/2007,1.3226
3/14/2007,1.3183
3/13/2007,1.3218
3/12/2007,1.3156
3/9/2007,1.3155
3/8/2007,1.3152
3/7/2007,1.3135
3/6/2007,1.31
3/5/2007,1.3083
3/2/2007,1.3163
3/1/2007,1.3225
2/28/2007,1.3211
2/27/2007,1.323
2/26/2007,1.316
2/23/2007,1.3134
2/22/2007,1.3106
2/21/2007,1.3145
2/20/2007,1.3145
2/19/2007,1.3132
2/16/2007,1.3119
2/15/2007,1.3137
2/14/2007,1.3082
2/13/2007,1.3022
2/12/2007,1.2956
2/9/2007,1.3007
2/8/2007,1.2991
2/7/2007,1.2987
2/6/2007,1.2955
2/5/2007,1.2925
2/2/2007,1.302
2/1/2007,1.302
1/31/2007,1.2954
1/30/2007,1.2972
1/29/2007,1.2921
1/26/2007,1.2901
1/25/2007,1.2978
1/24/2007,1.3005
1/23/2007,1.304
1/22/2007,1.2936
1/19/2007,1.2958
1/18/2007,1.2922
1/17/2007,1.2909
1/16/2007,1.2953
1/15/2007,1.2941
1/12/2007,1.2893
1/11/2007,1.2984
1/10/2007,1.2988
1/9/2007,1.3018
1/8/2007,1.3006
1/5/2007,1.3084
1/4/2007,1.3106
1/3/2007,1.3231
1/2/2007,1.327
12/29/2006,1.317
12/28/2006,1.3173
12/27/2006,1.3159
12/22/2006,1.3192
12/21/2006,1.3178
12/20/2006,1.3203
12/19/2006,1.3158
12/18/2006,1.3095
12/15/2006,1.3106
12/14/2006,1.3192
12/13/2006,1.3265
12/12/2006,1.3244
12/11/2006,1.3177
12/8/2006,1.3276
12/7/2006,1.3297
12/6/2006,1.3274
12/5/2006,1.3331
12/4/2006,1.3309
12/1/2006,1.3244
11/30/2006,1.32
11/29/2006,1.3157
11/28/2006,1.3147
11/27/2006,1.3114
11/24/2006,1.3078
11/23/2006,1.2953
11/22/2006,1.2886
11/21/2006,1.2814
11/20/2006,1.2841
11/17/2006,1.2774
11/16/2006,1.2804
11/15/2006,1.2792
11/14/2006,1.2824
11/13/2006,1.283
11/10/2006,1.2864
11/9/2006,1.2796
11/8/2006,1.2776
11/7/2006,1.2755
11/6/2006,1.2702
11/3/2006,1.276
11/2/2006,1.2767
11/1/2006,1.2757
10/31/2006,1.2696
10/30/2006,1.2717
10/27/2006,1.2683
10/26/2006,1.2653
10/25/2006,1.258
10/24/2006,1.2541
10/23/2006,1.2556
10/20/2006,1.2618
10/19/2006,1.2561
10/18/2006,1.2543
10/17/2006,1.2524
10/16/2006,1.2515
10/13/2006,1.255
10/12/2006,1.2531
10/11/2006,1.2543
10/10/2006,1.2538
10/9/2006,1.2603
10/6/2006,1.2664
10/5/2006,1.2721
10/4/2006,1.2684
10/3/2006,1.2737
10/2/2006,1.2685
9/29/2006,1.266
9/28/2006,1.2713
9/27/2006,1.2684
9/26/2006,1.2695
9/25/2006,1.2768
9/22/2006,1.2817
9/21/2006,1.2731
9/20/2006,1.2676
9/19/2006,1.2654
9/18/2006,1.2665
9/15/2006,1.2675
9/14/2006,1.2723
9/13/2006,1.2677
9/12/2006,1.2709
9/11/2006,1.2713
9/8/2006,1.2713
9/7/2006,1.2731
9/6/2006,1.2793
9/5/2006,1.281
9/4/2006,1.2852
9/1/2006,1.2817
8/31/2006,1.2851
8/30/2006,1.2818
8/29/2006,1.2808
8/28/2006,1.28
8/25/2006,1.2762
8/24/2006,1.2831
8/23/2006,1.2812
8/22/2006,1.2812
8/21/2006,1.2919
8/18/2006,1.2802
8/17/2006,1.2879
8/16/2006,1.2793
8/15/2006,1.2725
8/14/2006,1.2718
8/11/2006,1.2775
8/10/2006,1.2857
8/9/2006,1.2879
8/8/2006,1.2839
8/7/2006,1.285
8/4/2006,1.2792
8/3/2006,1.2781
8/2/2006,1.2798
8/1/2006,1.2759
7/31/2006,1.2767
7/28/2006,1.2664
7/27/2006,1.2737
7/26/2006,1.2587
7/25/2006,1.2636
7/24/2006,1.2633
7/21/2006,1.268
7/20/2006,1.2643
7/19/2006,1.2482
7/18/2006,1.2531
7/17/2006,1.2541
7/14/2006,1.2666
7/13/2006,1.2692
7/12/2006,1.2722
7/11/2006,1.2736
7/10/2006,1.2752
7/7/2006,1.2778
7/6/2006,1.2735
7/5/2006,1.2794
7/4/2006,1.2791
7/3/2006,1.279
6/30/2006,1.2713
6/29/2006,1.2529
6/28/2006,1.257
6/27/2006,1.2567
6/26/2006,1.2561
6/23/2006,1.2502
6/22/2006,1.2582
6/21/2006,1.2632
6/20/2006,1.2546
6/19/2006,1.2591
6/16/2006,1.2651
6/15/2006,1.261
6/14/2006,1.2563
6/13/2006,1.2571
6/12/2006,1.2572
6/9/2006,1.2659
6/8/2006,1.2735
6/7/2006,1.2789
6/6/2006,1.2847
6/5/2006,1.2958
6/2/2006,1.2815
6/1/2006,1.2736
5/31/2006,1.2868
5/30/2006,1.2839
5/29/2006,1.2758
5/26/2006,1.2797
5/25/2006,1.2755
5/24/2006,1.2851
5/23/2006,1.2841
5/22/2006,1.2753
5/19/2006,1.2767
5/18/2006,1.277
5/17/2006,1.2882
5/16/2006,1.2817
5/15/2006,1.2826
5/12/2006,1.2914
5/11/2006,1.2716
5/10/2006,1.2779
5/9/2006,1.2697
5/8/2006,1.2756
5/5/2006,1.2688
5/4/2006,1.2592
5/3/2006,1.2622
5/2/2006,1.2643
4/28/2006,1.2537
4/27/2006,1.2414
4/26/2006,1.2425
4/25/2006,1.2425
4/24/2006,1.2365
4/21/2006,1.2315
4/20/2006,1.2346
4/19/2006,1.2346
4/18/2006,1.2252
4/13/2006,1.2094
4/12/2006,1.2125
4/11/2006,1.2105
4/10/2006,1.2099
4/7/2006,1.2179
4/6/2006,1.2312
4/5/2006,1.2262
4/4/2006,1.2217
4/3/2006,1.2063
3/31/2006,1.2104
3/30/2006,1.2096
3/29/2006,1.2012
3/28/2006,1.2084
3/27/2006,1.2025
3/24/2006,1.1969
3/23/2006,1.2055
3/22/2006,1.2069
3/21/2006,1.2144
3/20/2006,1.2174
3/17/2006,1.2185
3/16/2006,1.2069
3/15/2006,1.2026
3/14/2006,1.1948
3/13/2006,1.1922
3/10/2006,1.1919
3/9/2006,1.192
3/8/2006,1.1914
3/7/2006,1.1913
3/6/2006,1.2017
3/3/2006,1.202
3/2/2006,1.1921
3/1/2006,1.1954
2/28/2006,1.1875
2/27/2006,1.1852
2/24/2006,1.1896
2/23/2006,1.1957
2/22/2006,1.1875
2/21/2006,1.1906
2/20/2006,1.1932
2/17/2006,1.1863
2/16/2006,1.1858
2/15/2006,1.1904
2/14/2006,1.1898
2/13/2006,1.1888
2/10/2006,1.197
2/9/2006,1.1972
2/8/2006,1.1948
2/7/2006,1.1973
2/6/2006,1.1981
2/3/2006,1.2061
2/2/2006,1.2066
2/1/2006,1.2092
1/31/2006,1.2118
1/30/2006,1.2082
1/27/2006,1.2172
1/26/2006,1.2254
1/25/2006,1.2294
1/24/2006,1.2272
1/23/2006,1.2277
1/20/2006,1.2068
1/19/2006,1.2073
1/18/2006,1.2125
1/17/2006,1.2075
1/16/2006,1.2112
1/13/2006,1.2039
1/12/2006,1.2113
1/11/2006,1.2088
1/10/2006,1.2064
1/9/2006,1.2078
1/6/2006,1.2093
1/5/2006,1.2088
1/4/2006,1.2083
1/3/2006,1.1875
1/2/2006,1.1826
12/30/2005,1.1797
12/29/2005,1.1825
12/28/2005,1.1916
12/27/2005,1.1852
12/23/2005,1.1859
12/22/2005,1.1822
12/21/2005,1.1872
12/20/2005,1.1955
12/19/2005,1.1977
12/16/2005,1.1983
12/15/2005,1.1999
12/14/2005,1.202
12/13/2005,1.1925
12/12/2005,1.1925
12/9/2005,1.1785
12/8/2005,1.1764
12/7/2005,1.171
12/6/2005,1.1783
12/5/2005,1.1767
12/2/2005,1.1697
12/1/2005,1.1745
11/30/2005,1.1769
11/29/2005,1.1793
11/28/2005,1.1726
11/25/2005,1.1763
11/24/2005,1.1783
11/23/2005,1.1776
11/22/2005,1.1701
11/21/2005,1.1811
11/18/2005,1.1679
11/17/2005,1.1692
11/16/2005,1.1677
11/15/2005,1.1667
11/14/2005,1.1713
11/11/2005,1.1697
11/10/2005,1.1762
11/9/2005,1.1738
11/8/2005,1.1741
11/7/2005,1.1824
11/4/2005,1.1933
11/3/2005,1.2041
11/2/2005,1.1992
11/1/2005,1.2008
10/31/2005,1.2023
10/28/2005,1.2138
10/27/2005,1.213
10/26/2005,1.2059
10/25/2005,1.2017
10/24/2005,1.1944
10/21/2005,1.2012
10/20/2005,1.1953
10/19/2005,1.195
10/18/2005,1.1937
10/17/2005,1.2022
10/14/2005,1.1999
10/13/2005,1.198
10/12/2005,1.2008
10/11/2005,1.2022
10/10/2005,1.2088
10/7/2005,1.2144
10/6/2005,1.2061
10/5/2005,1.1947
10/4/2005,1.1938
10/3/2005,1.1933
9/30/2005,1.2042
9/29/2005,1.2063
9/28/2005,1.2037
9/27/2005,1.2005
9/26/2005,1.2031
9/23/2005,1.2118
9/22/2005,1.2224
9/21/2005,1.2225
9/20/2005,1.2154
9/19/2005,1.2139
9/16/2005,1.2243
9/15/2005,1.2223
9/14/2005,1.2314
9/13/2005,1.2276
9/12/2005,1.2313
9/9/2005,1.2415
9/8/2005,1.2418
9/7/2005,1.2451
9/6/2005,1.2483
9/5/2005,1.2538
9/2/2005,1.2541
9/1/2005,1.2388
8/31/2005,1.2198
8/30/2005,1.2181
8/29/2005,1.2289
8/26/2005,1.2307
8/25/2005,1.2272
8/24/2005,1.2211
8/23/2005,1.2233
8/22/2005,1.2231
8/19/2005,1.2183
8/18/2005,1.2213
8/17/2005,1.2296
8/16/2005,1.2313
8/15/2005,1.2374
8/12/2005,1.2457
8/11/2005,1.2405
8/10/2005,1.2377
8/9/2005,1.2367
8/8/2005,1.237
8/5/2005,1.2386
8/4/2005,1.2319
8/3/2005,1.2308
8/2/2005,1.2217
8/1/2005,1.2219
7/29/2005,1.2093
7/28/2005,1.21
7/27/2005,1.199
7/26/2005,1.1987
7/25/2005,1.2065
7/22/2005,1.2143
7/21/2005,1.2187
7/20/2005,1.2063
7/19/2005,1.1965
7/18/2005,1.2054
7/15/2005,1.2073
7/14/2005,1.2067
7/13/2005,1.2184
7/12/2005,1.2166
7/11/2005,1.2006
7/8/2005,1.1904
7/7/2005,1.1957
7/6/2005,1.1913
7/5/2005,1.1883
7/4/2005,1.1894
7/1/2005,1.2087
6/30/2005,1.2092
6/29/2005,1.2054
6/28/2005,1.2095
6/27/2005,1.2164
6/24/2005,1.2082
6/23/2005,1.2066
6/22/2005,1.2111
6/21/2005,1.2092
6/20/2005,1.221
6/17/2005,1.2177
6/16/2005,1.2115
6/15/2005,1.2069
6/14/2005,1.211
6/13/2005,1.2062
6/10/2005,1.2229
6/9/2005,1.2239
6/8/2005,1.2324
6/7/2005,1.2285
6/6/2005,1.2272
6/3/2005,1.2289
6/2/2005,1.2263
6/1/2005,1.2228
5/31/2005,1.2331
5/30/2005,1.2472
5/27/2005,1.2551
5/26/2005,1.2523
5/25/2005,1.2564
5/24/2005,1.2617
5/23/2005,1.2548
5/20/2005,1.2607
5/19/2005,1.2642
5/18/2005,1.2621
5/17/2005,1.2636
5/16/2005,1.2616
5/13/2005,1.2635
5/12/2005,1.2771
5/11/2005,1.2882
5/10/2005,1.2854
5/9/2005,1.2824
5/6/2005,1.2947
5/5/2005,1.2954
5/4/2005,1.2953
5/3/2005,1.2856
5/2/2005,1.2863
4/29/2005,1.2957
4/28/2005,1.2905
4/27/2005,1.292
4/26/2005,1.2981
4/25/2005,1.2966
4/22/2005,1.3077
4/21/2005,1.3058
4/20/2005,1.3049
4/19/2005,1.2996
4/18/2005,1.2967
4/15/2005,1.2868
4/14/2005,1.282
4/13/2005,1.2922
4/12/2005,1.2985
4/11/2005,1.2971
4/8/2005,1.2819
4/7/2005,1.2923
4/6/2005,1.286
4/5/2005,1.281
4/4/2005,1.2883
4/1/2005,1.2959
3/31/2005,1.2964
3/30/2005,1.2943
3/29/2005,1.2926
3/24/2005,1.2982
3/23/2005,1.305
3/22/2005,1.3175
3/21/2005,1.3199
3/18/2005,1.3279
3/17/2005,1.3378
3/16/2005,1.3373
3/15/2005,1.3383
3/14/2005,1.3372
3/11/2005,1.3416
3/10/2005,1.3409
3/9/2005,1.3346
3/8/2005,1.3246
3/7/2005,1.3197
3/4/2005,1.3115
3/3/2005,1.3144
3/2/2005,1.3101
3/1/2005,1.3216
2/28/2005,1.3257
2/25/2005,1.3165
2/24/2005,1.326
2/23/2005,1.3203
2/22/2005,1.3193
2/21/2005,1.3055
2/18/2005,1.3039
2/17/2005,1.3041
2/16/2005,1.304
2/15/2005,1.3016
2/14/2005,1.2967
2/11/2005,1.2855
2/10/2005,1.2777
2/9/2005,1.2762
2/8/2005,1.2764
2/7/2005,1.2844
2/4/2005,1.2958
2/3/2005,1.3001
2/2/2005,1.3061
2/1/2005,1.3027
1/31/2005,1.3035
1/28/2005,1.3035
1/27/2005,1.3026
1/26/2005,1.3005
1/25/2005,1.3025
1/24/2005,1.3065
1/21/2005,1.2963
1/20/2005,1.2936
1/19/2005,1.3083
1/18/2005,1.306
1/17/2005,1.3085
1/14/2005,1.3091
1/13/2005,1.3232
1/12/2005,1.3139
1/11/2005,1.3143
1/10/2005,1.3103
1/7/2005,1.32
1/6/2005,1.3183
1/5/2005,1.3224
1/4/2005,1.3365
1/3/2005,1.3507
12/31/2004,1.3621
12/30/2004,1.3604
12/29/2004,1.3608
12/28/2004,1.3633
12/27/2004,1.3527
12/24/2004,1.3542
12/23/2004,1.3456
12/22/2004,1.3384
12/21/2004,1.3394
12/20/2004,1.3378
12/17/2004,1.3264
12/16/2004,1.3401
12/15/2004,1.3383
12/14/2004,1.3317
12/13/2004,1.3268
12/10/2004,1.3191
12/9/2004,1.3305
12/8/2004,1.33
12/7/2004,1.3456
12/6/2004,1.3435
12/3/2004,1.33
12/2/2004,1.3314
12/1/2004,1.3294
11/30/2004,1.3295
11/29/2004,1.3247
11/26/2004,1.3238
11/25/2004,1.3213
11/24/2004,1.3146
11/23/2004,1.3089
11/22/2004,1.3033
11/19/2004,1.302
11/18/2004,1.3024
11/17/2004,1.3026
11/16/2004,1.2971
11/15/2004,1.2955
11/12/2004,1.2921
11/11/2004,1.289
11/10/2004,1.2977
11/9/2004,1.2911
11/8/2004,1.2917
11/5/2004,1.2856
11/4/2004,1.2874
11/3/2004,1.2754
11/2/2004,1.2705
11/1/2004,1.2748
10/29/2004,1.2737
10/28/2004,1.2711
10/27/2004,1.2792
10/26/2004,1.2784
10/25/2004,1.2792
10/22/2004,1.2606
10/21/2004,1.2606
10/20/2004,1.259
10/19/2004,1.2509
10/18/2004,1.2474
10/15/2004,1.2414
10/14/2004,1.2377
10/13/2004,1.2267
10/12/2004,1.2312
10/11/2004,1.2392
10/8/2004,1.2315
10/7/2004,1.2301
10/6/2004,1.2282
10/5/2004,1.2304
10/4/2004,1.2305
10/1/2004,1.2413
9/30/2004,1.2409
9/29/2004,1.2323
9/28/2004,1.2335
9/27/2004,1.2254
9/24/2004,1.2309
9/23/2004,1.2315
9/22/2004,1.2245
9/21/2004,1.2276
9/20/2004,1.2132
9/17/2004,1.2211
9/16/2004,1.2158
9/15/2004,1.2238
9/14/2004,1.2237
9/13/2004,1.2236
9/10/2004,1.2219
9/9/2004,1.2191
9/8/2004,1.2039
9/7/2004,1.2079
9/6/2004,1.2071
9/3/2004,1.2175
9/2/2004,1.2172
9/1/2004,1.2168
8/31/2004,1.2111
8/30/2004,1.2047
8/27/2004,1.2085
8/26/2004,1.21
8/25/2004,1.2081
8/24/2004,1.2139
8/23/2004,1.225
8/20/2004,1.2293
8/19/2004,1.2359
8/18/2004,1.2331
8/17/2004,1.2338
8/16/2004,1.2337
8/13/2004,1.2219
8/12/2004,1.2256
8/11/2004,1.2233
8/10/2004,1.2279
8/9/2004,1.2247
8/6/2004,1.2064
8/5/2004,1.2042
8/4/2004,1.1983
8/3/2004,1.2022
8/2/2004,1.2055
7/30/2004,1.2039
7/29/2004,1.2026
7/28/2004,1.2034
7/27/2004,1.2168
7/26/2004,1.2163
7/23/2004,1.2191
7/22/2004,1.2268
7/21/2004,1.2296
7/20/2004,1.2385
7/19/2004,1.2412
7/16/2004,1.2353
7/15/2004,1.2374
7/14/2004,1.2381
7/13/2004,1.2372
7/12/2004,1.2397
7/9/2004,1.2372
7/8/2004,1.2348
7/7/2004,1.2357
7/6/2004,1.2309
7/5/2004,1.2288
7/2/2004,1.2148
7/1/2004,1.2168
6/30/2004,1.2155
6/29/2004,1.2169
6/28/2004,1.2208
6/25/2004,1.2138
6/24/2004,1.2122
6/23/2004,1.2087
6/22/2004,1.2091
6/21/2004,1.2112
6/18/2004,1.2042
6/17/2004,1.2045
6/16/2004,1.2058
6/15/2004,1.2051
6/14/2004,1.2001
6/11/2004,1.2006
6/10/2004,1.2052
6/9/2004,1.2157
6/8/2004,1.2294
6/7/2004,1.2319
6/4/2004,1.2203
6/3/2004,1.2226
6/2/2004,1.2276
6/1/2004,1.2231
5/31/2004,1.2198
5/28/2004,1.2246
5/27/2004,1.2165
5/26/2004,1.2106
5/25/2004,1.2063
5/24/2004,1.1968
5/21/2004,1.2031
5/20/2004,1.1922
5/19/2004,1.1989
5/18/2004,1.1983
5/17/2004,1.2023
5/14/2004,1.1802
5/13/2004,1.1823
5/12/2004,1.1857
5/11/2004,1.1804
5/10/2004,1.1843
5/7/2004,1.2073
5/6/2004,1.2116
5/5/2004,1.2126
5/4/2004,1.2061
5/3/2004,1.1953
4/30/2004,1.1947
4/29/2004,1.1826
4/28/2004,1.1907
4/27/2004,1.1887
4/26/2004,1.1851
4/23/2004,1.1885
4/22/2004,1.1873
4/21/2004,1.1836
4/20/2004,1.1926
4/19/2004,1.2044
4/16/2004,1.1932
4/15/2004,1.1912
4/14/2004,1.1924
4/13/2004,1.1975
4/8/2004,1.2096
4/7/2004,1.2101
4/6/2004,1.209
4/5/2004,1.2058
4/2/2004,1.2318
4/1/2004,1.232
3/31/2004,1.2224
3/30/2004,1.2187
3/29/2004,1.2118
3/26/2004,1.2173
3/25/2004,1.2132
3/24/2004,1.2196
3/23/2004,1.2276
3/22/2004,1.2353
3/19/2004,1.2344
3/18/2004,1.2261
3/17/2004,1.2251
3/16/2004,1.235
3/15/2004,1.2278
3/12/2004,1.2235
3/11/2004,1.2256
3/10/2004,1.2299
3/9/2004,1.2361
3/8/2004,1.2356
3/5/2004,1.2192
3/4/2004,1.2147
3/3/2004,1.2143
3/2/2004,1.2402
3/1/2004,1.2484
2/27/2004,1.2418
2/26/2004,1.2444
2/25/2004,1.2629
2/24/2004,1.2595
2/23/2004,1.2576
2/20/2004,1.2663
2/19/2004,1.2724
2/18/2004,1.2824
2/17/2004,1.2858
2/16/2004,1.2741
2/13/2004,1.2816
2/12/2004,1.2802
2/11/2004,1.268
2/10/2004,1.2764
2/9/2004,1.2713
2/6/2004,1.2529
2/5/2004,1.2583
2/4/2004,1.2524
2/3/2004,1.2585
2/2/2004,1.2461
1/30/2004,1.2384
1/29/2004,1.2468
1/28/2004,1.2563
1/27/2004,1.2517
1/26/2004,1.2575
1/23/2004,1.2692
1/22/2004,1.271
1/21/2004,1.2607
1/20/2004,1.2536
1/19/2004,1.2373
1/16/2004,1.2493
1/15/2004,1.2635
1/14/2004,1.2692
1/13/2004,1.2749
1/12/2004,1.2828
1/9/2004,1.2737
1/8/2004,1.2634
1/7/2004,1.2679
1/6/2004,1.2756
1/5/2004,1.2657
1/2/2004,1.2592
12/31/2003,1.263
12/30/2003,1.2496
12/29/2003,1.2499
12/24/2003,1.2407
12/23/2003,1.2392
12/22/2003,1.2434
12/19/2003,1.2418
12/18/2003,1.2403
12/17/2003,1.2337
12/16/2003,1.2339
12/15/2003,1.223
12/12/2003,1.2254
12/11/2003,1.2187
12/10/2003,1.2239
12/9/2003,1.2258
12/8/2003,1.2218
12/5/2003,1.2087
12/4/2003,1.2074
12/3/2003,1.2102
12/2/2003,1.1975
12/1/2003,1.2019
11/28/2003,1.1994
11/27/2003,1.1902
11/26/2003,1.1828
11/25/2003,1.1766
11/24/2003,1.1823
11/21/2003,1.1899
11/20/2003,1.1909
11/19/2003,1.191
11/18/2003,1.1778
11/17/2003,1.1802
11/14/2003,1.1765
11/13/2003,1.168
11/12/2003,1.16
11/11/2003,1.1497
11/10/2003,1.1483
